arm,metric,seed,value
adaptive_off,1BDP_to_1MB_fct_us_mean,81,44.84285204081633
adaptive_off,1BDP_to_1MB_fct_us_p95,81,130.46825
adaptive_off,1BDP_to_1MB_fct_us_p99,81,161.68190000000013
adaptive_off,1BDP_to_1MB_flow_count,81,196.0
adaptive_off,1BDP_to_1MB_slowdown_mean,81,1.2824307913548514
adaptive_off,1BDP_to_1MB_slowdown_p95,81,1.871377181563914
adaptive_off,1BDP_to_1MB_slowdown_p99,81,2.5044735247674432
adaptive_off,8KB_to_1BDP_fct_us_mean,81,9.231539102564103
adaptive_off,8KB_to_1BDP_fct_us_p95,81,14.971399999999997
adaptive_off,8KB_to_1BDP_fct_us_p99,81,18.637920000000015
adaptive_off,8KB_to_1BDP_flow_count,81,1560.0
adaptive_off,8KB_to_1BDP_slowdown_mean,81,1.046080209925689
adaptive_off,8KB_to_1BDP_slowdown_p95,81,1.200779791945654
adaptive_off,8KB_to_1BDP_slowdown_p99,81,1.3937984906649978
adaptive_off,aggregate_goodput_gbps,81,192.41796373906823
adaptive_off,completion_releases,81,0.0
adaptive_off,completion_span_us,81,10000.791
adaptive_off,grant_binding_rate_changes,81,2.0
adaptive_off,grant_binding_updates,81,30.0
adaptive_off,grant_bytes_sent,81,281906.0
adaptive_off,grant_event_rate_changes,81,507.0
adaptive_off,grants_received,81,2999.0
adaptive_off,grants_sent,81,2999.0
adaptive_off,gt_1MB_fct_us_mean,81,231.92075949367091
adaptive_off,gt_1MB_fct_us_p95,81,473.3880999999997
adaptive_off,gt_1MB_fct_us_p99,81,540.3017600000001
adaptive_off,gt_1MB_flow_count,81,79.0
adaptive_off,gt_1MB_slowdown_mean,81,1.7200819228528497
adaptive_off,gt_1MB_slowdown_p95,81,3.086733693435687
adaptive_off,gt_1MB_slowdown_p99,81,3.6791371920817744
adaptive_off,guard_ack_interval_packets,81,8.0
adaptive_off,guard_adaptive_grant_updates,81,0.0
adaptive_off,guard_adaptive_target_enabled,81,0.0
adaptive_off,guard_adaptive_target_max_queue_bdps,81,0.0
adaptive_off,guard_adaptive_target_min_observed,81,1.71
adaptive_off,guard_adaptive_target_updates,81,0.0
adaptive_off,guard_fixed_window,81,1.0
adaptive_off,guard_grant_refresh_bdps,81,1.0
adaptive_off,guard_long_acks_suppressed,81,162543.0
adaptive_off,guard_min_share_fraction,81,0.0
adaptive_off,guard_one_rtt_acks_suppressed,81,51609.0
adaptive_off,guard_one_rtt_bypass_enabled,81,1.0
adaptive_off,guard_one_rtt_bypass_feedbacks,81,5695.0
adaptive_off,guard_one_rtt_bypass_flows,81,5695.0
adaptive_off,guard_queue_budget_bdps,81,0.5
adaptive_off,guard_rebalance_events,81,0.0
adaptive_off,guard_remaining_aware,81,1.0
adaptive_off,guard_remaining_exponent,81,1.0
adaptive_off,guard_remaining_refresh_events,81,2160.0
adaptive_off,guard_sender_srpt_enabled,81,1.0
adaptive_off,guard_sender_srpt_forced_rr,81,92.0
adaptive_off,guard_sender_srpt_non_rr,81,33167.0
adaptive_off,guard_sender_srpt_selections,81,243584.0
adaptive_off,guard_srpt_quantum_packets,81,64.0
adaptive_off,guard_tail_bypass_bdps,81,8.0
adaptive_off,guard_tail_bypass_enabled,81,1.0
adaptive_off,guard_tail_bypass_feedbacks,81,14047.0
adaptive_off,guard_tail_bypass_flows,81,347.0
adaptive_off,guard_target_floor,81,0.95
adaptive_off,hpcc_actual_rate_changes,81,44.0
adaptive_off,hpcc_fast_computations,81,0.0
adaptive_off,hpcc_feedback_updates,81,1511.0
adaptive_off,hpcc_full_computations,81,312.0
adaptive_off,hpcc_rate_updates_applied,81,312.0
adaptive_off,hpcc_valid_feedback,81,366.0
adaptive_off,int_hops_after_strip,81,31634.0
adaptive_off,int_hops_before_strip,81,61066.0
adaptive_off,int_records_stripped,81,29432.0
adaptive_off,irn_nacks_generated,81,0.0
adaptive_off,irn_nacks_received,81,0.0
adaptive_off,irn_retransmit_bytes,81,0.0
adaptive_off,irn_retransmit_packets,81,0.0
adaptive_off,le_8KB_fct_us_mean,81,6.983554314238174
adaptive_off,le_8KB_fct_us_p95,81,9.1164
adaptive_off,le_8KB_fct_us_p99,81,9.39282
adaptive_off,le_8KB_flow_count,81,4207.0
adaptive_off,le_8KB_slowdown_mean,81,1.009969664048779
adaptive_off,le_8KB_slowdown_p95,81,1.0372071638781786
adaptive_off,le_8KB_slowdown_p99,81,1.0820330462848526
adaptive_off,long_to_small_slowdown_mean_ratio,81,1.7031025624644645
adaptive_off,max_active_flows,81,3.0
adaptive_off,overall_fct_us_mean,81,11.733193147964249
adaptive_off,overall_fct_us_p95,81,16.651699999999984
adaptive_off,overall_fct_us_p99,81,164.88695000000024
adaptive_off,overall_flow_count,81,6042.0
adaptive_off,overall_slowdown_mean,81,1.0374164864528657
adaptive_off,overall_slowdown_p95,81,1.1459462681529688
adaptive_off,overall_slowdown_p99,81,1.6199831945691505
adaptive_off,pfc_pause_events,81,0.0
adaptive_off,pfc_resume_events,81,0.0
adaptive_off,proactive_releases,81,347.0
adaptive_off,queue_bytes_max,81,287760.0
adaptive_off,queue_bytes_mean,81,2282.14
adaptive_off,queue_bytes_p95,81,5450.0
adaptive_off,queue_bytes_p99,81,76300.0
adaptive_off,queue_sample_count,81,160000.0
adaptive_off,reactive_binding_rate_changes,81,40.0
adaptive_off,reactive_binding_updates,81,40.0
adaptive_off,recovery_nacks_generated,81,0.0
adaptive_off,recovery_nacks_received,81,0.0
adaptive_off,registrations,81,347.0
adaptive_off,selected_registrations,81,347.0
adaptive_off,tie_binding_rate_changes,81,2.0
adaptive_off,tie_binding_updates,81,242.0
adaptive_off,timeout_recoveries,81,0.0
budget025,1BDP_to_1MB_fct_us_mean,81,44.935489795918365
budget025,1BDP_to_1MB_fct_us_p95,81,130.6405
budget025,1BDP_to_1MB_fct_us_p99,81,161.68190000000013
budget025,1BDP_to_1MB_flow_count,81,196.0
budget025,1BDP_to_1MB_slowdown_mean,81,1.2856479728364203
budget025,1BDP_to_1MB_slowdown_p95,81,1.8740904690506517
budget025,1BDP_to_1MB_slowdown_p99,81,2.5044735247674432
budget025,8KB_to_1BDP_fct_us_mean,81,9.229758974358974
budget025,8KB_to_1BDP_fct_us_p95,81,14.970849999999997
budget025,8KB_to_1BDP_fct_us_p99,81,18.60061000000001
budget025,8KB_to_1BDP_flow_count,81,1560.0
budget025,8KB_to_1BDP_slowdown_mean,81,1.0458937527344079
budget025,8KB_to_1BDP_slowdown_p95,81,1.200779791945654
budget025,8KB_to_1BDP_slowdown_p99,81,1.3937984906649978
budget025,aggregate_goodput_gbps,81,192.41796373906823
budget025,completion_releases,81,0.0
budget025,completion_span_us,81,10000.791
budget025,grant_binding_rate_changes,81,1.0
budget025,grant_binding_updates,81,32.0
budget025,grant_bytes_sent,81,283692.0
budget025,grant_event_rate_changes,81,537.0
budget025,grants_received,81,3018.0
budget025,grants_sent,81,3018.0
budget025,gt_1MB_fct_us_mean,81,235.6641518987342
budget025,gt_1MB_fct_us_p95,81,517.318
budget025,gt_1MB_fct_us_p99,81,537.14564
budget025,gt_1MB_flow_count,81,79.0
budget025,gt_1MB_slowdown_mean,81,1.7487162993411711
budget025,gt_1MB_slowdown_p95,81,3.3016012840580005
budget025,gt_1MB_slowdown_p99,81,3.631015305721807
budget025,guard_ack_interval_packets,81,8.0
budget025,guard_adaptive_grant_updates,81,0.0
budget025,guard_adaptive_target_enabled,81,1.0
budget025,guard_adaptive_target_max_queue_bdps,81,1.802307692
budget025,guard_adaptive_target_min_observed,81,0.95
budget025,guard_adaptive_target_updates,81,108.0
budget025,guard_fixed_window,81,1.0
budget025,guard_grant_refresh_bdps,81,1.0
budget025,guard_long_acks_suppressed,81,162543.0
budget025,guard_min_share_fraction,81,0.0
budget025,guard_one_rtt_acks_suppressed,81,51609.0
budget025,guard_one_rtt_bypass_enabled,81,1.0
budget025,guard_one_rtt_bypass_feedbacks,81,5695.0
budget025,guard_one_rtt_bypass_flows,81,5695.0
budget025,guard_queue_budget_bdps,81,0.25
budget025,guard_rebalance_events,81,0.0
budget025,guard_remaining_aware,81,1.0
budget025,guard_remaining_exponent,81,1.0
budget025,guard_remaining_refresh_events,81,2160.0
budget025,guard_sender_srpt_enabled,81,1.0
budget025,guard_sender_srpt_forced_rr,81,92.0
budget025,guard_sender_srpt_non_rr,81,33482.0
budget025,guard_sender_srpt_selections,81,243584.0
budget025,guard_srpt_quantum_packets,81,64.0
budget025,guard_tail_bypass_bdps,81,8.0
budget025,guard_tail_bypass_enabled,81,1.0
budget025,guard_tail_bypass_feedbacks,81,14047.0
budget025,guard_tail_bypass_flows,81,347.0
budget025,guard_target_floor,81,0.95
budget025,hpcc_actual_rate_changes,81,66.0
budget025,hpcc_fast_computations,81,0.0
budget025,hpcc_feedback_updates,81,1529.0
budget025,hpcc_full_computations,81,331.0
budget025,hpcc_rate_updates_applied,81,331.0
budget025,hpcc_valid_feedback,81,385.0
budget025,int_hops_after_strip,81,31634.0
budget025,int_hops_before_strip,81,61066.0
budget025,int_records_stripped,81,29432.0
budget025,irn_nacks_generated,81,0.0
budget025,irn_nacks_received,81,0.0
budget025,irn_retransmit_bytes,81,0.0
budget025,irn_retransmit_packets,81,0.0
budget025,le_8KB_fct_us_mean,81,6.983630615640599
budget025,le_8KB_fct_us_p95,81,9.119399999999999
budget025,le_8KB_fct_us_p99,81,9.39
budget025,le_8KB_flow_count,81,4207.0
budget025,le_8KB_slowdown_mean,81,1.010001569078294
budget025,le_8KB_slowdown_p95,81,1.0370521924000613
budget025,le_8KB_slowdown_p99,81,1.080967011056691
budget025,long_to_small_slowdown_mean_ratio,81,1.7313995867719418
budget025,max_active_flows,81,3.0
budget025,overall_fct_us_mean,81,11.784737173121483
budget025,overall_fct_us_p95,81,16.70864999999999
budget025,overall_fct_us_p99,81,165.9677300000001
budget025,overall_flow_count,81,6042.0
budget025,overall_slowdown_mean,81,1.0378693223604682
budget025,overall_slowdown_p95,81,1.1459462681529688
budget025,overall_slowdown_p99,81,1.6219750613716797
budget025,pfc_pause_events,81,0.0
budget025,pfc_resume_events,81,0.0
budget025,proactive_releases,81,347.0
budget025,queue_bytes_max,81,287760.0
budget025,queue_bytes_mean,81,2206.632
budget025,queue_bytes_p95,81,5450.0
budget025,queue_bytes_p99,81,74120.0
budget025,queue_sample_count,81,160000.0
budget025,reactive_binding_rate_changes,81,54.0
budget025,reactive_binding_updates,81,54.0
budget025,recovery_nacks_generated,81,0.0
budget025,recovery_nacks_received,81,0.0
budget025,registrations,81,347.0
budget025,selected_registrations,81,347.0
budget025,tie_binding_rate_changes,81,11.0
budget025,tie_binding_updates,81,245.0
budget025,timeout_recoveries,81,0.0
budget050,1BDP_to_1MB_fct_us_mean,81,44.89046428571429
budget050,1BDP_to_1MB_fct_us_p95,81,130.45524999999998
budget050,1BDP_to_1MB_fct_us_p99,81,161.68190000000013
budget050,1BDP_to_1MB_flow_count,81,196.0
budget050,1BDP_to_1MB_slowdown_mean,81,1.2829371650474146
budget050,1BDP_to_1MB_slowdown_p95,81,1.8715022301939368
budget050,1BDP_to_1MB_slowdown_p99,81,2.5044735247674432
budget050,8KB_to_1BDP_fct_us_mean,81,9.230173076923077
budget050,8KB_to_1BDP_fct_us_p95,81,14.970499999999998
budget050,8KB_to_1BDP_fct_us_p99,81,18.634230000000017
budget050,8KB_to_1BDP_flow_count,81,1560.0
budget050,8KB_to_1BDP_slowdown_mean,81,1.0459508763382457
budget050,8KB_to_1BDP_slowdown_p95,81,1.200779791945654
budget050,8KB_to_1BDP_slowdown_p99,81,1.3937984906649978
budget050,aggregate_goodput_gbps,81,192.41796373906823
budget050,completion_releases,81,0.0
budget050,completion_span_us,81,10000.791
budget050,grant_binding_rate_changes,81,1.0
budget050,grant_binding_updates,81,30.0
budget050,grant_bytes_sent,81,282940.0
budget050,grant_event_rate_changes,81,527.0
budget050,grants_received,81,3010.0
budget050,grants_sent,81,3010.0
budget050,gt_1MB_fct_us_mean,81,234.43018987341773
budget050,gt_1MB_fct_us_p95,81,503.1296999999999
budget050,gt_1MB_fct_us_p99,81,537.12078
budget050,gt_1MB_flow_count,81,79.0
budget050,gt_1MB_slowdown_mean,81,1.7391553862430185
budget050,gt_1MB_slowdown_p95,81,3.169581853621559
budget050,gt_1MB_slowdown_p99,81,3.6073494528645083
budget050,guard_ack_interval_packets,81,8.0
budget050,guard_adaptive_grant_updates,81,0.0
budget050,guard_adaptive_target_enabled,81,1.0
budget050,guard_adaptive_target_max_queue_bdps,81,1.770769231
budget050,guard_adaptive_target_min_observed,81,0.95
budget050,guard_adaptive_target_updates,81,111.0
budget050,guard_fixed_window,81,1.0
budget050,guard_grant_refresh_bdps,81,1.0
budget050,guard_long_acks_suppressed,81,162543.0
budget050,guard_min_share_fraction,81,0.0
budget050,guard_one_rtt_acks_suppressed,81,51609.0
budget050,guard_one_rtt_bypass_enabled,81,1.0
budget050,guard_one_rtt_bypass_feedbacks,81,5695.0
budget050,guard_one_rtt_bypass_flows,81,5695.0
budget050,guard_queue_budget_bdps,81,0.5
budget050,guard_rebalance_events,81,0.0
budget050,guard_remaining_aware,81,1.0
budget050,guard_remaining_exponent,81,1.0
budget050,guard_remaining_refresh_events,81,2160.0
budget050,guard_sender_srpt_enabled,81,1.0
budget050,guard_sender_srpt_forced_rr,81,93.0
budget050,guard_sender_srpt_non_rr,81,33384.0
budget050,guard_sender_srpt_selections,81,243584.0
budget050,guard_srpt_quantum_packets,81,64.0
budget050,guard_tail_bypass_bdps,81,8.0
budget050,guard_tail_bypass_enabled,81,1.0
budget050,guard_tail_bypass_feedbacks,81,14043.0
budget050,guard_tail_bypass_flows,81,347.0
budget050,guard_target_floor,81,0.95
budget050,hpcc_actual_rate_changes,81,63.0
budget050,hpcc_fast_computations,81,0.0
budget050,hpcc_feedback_updates,81,1530.0
budget050,hpcc_full_computations,81,330.0
budget050,hpcc_rate_updates_applied,81,330.0
budget050,hpcc_valid_feedback,81,384.0
budget050,int_hops_after_strip,81,31634.0
budget050,int_hops_before_strip,81,61066.0
budget050,int_records_stripped,81,29432.0
budget050,irn_nacks_generated,81,0.0
budget050,irn_nacks_received,81,0.0
budget050,irn_retransmit_bytes,81,0.0
budget050,irn_retransmit_packets,81,0.0
budget050,le_8KB_fct_us_mean,81,6.9834806275255525
budget050,le_8KB_fct_us_p95,81,9.117
budget050,le_8KB_fct_us_p99,81,9.389639999999998
budget050,le_8KB_flow_count,81,4207.0
budget050,le_8KB_slowdown_mean,81,1.0099546963802257
budget050,le_8KB_slowdown_p95,81,1.036865592413904
budget050,le_8KB_slowdown_p99,81,1.0838680423398013
budget050,long_to_small_slowdown_mean_ratio,81,1.7220132670072408
budget050,max_active_flows,81,3.0
budget050,overall_fct_us_mean,81,11.767144819596162
budget050,overall_fct_us_p95,81,16.654799999999984
budget050,overall_fct_us_p99,81,165.0058500000002
budget050,overall_flow_count,81,6042.0
budget050,overall_slowdown_mean,81,1.037638486365734
budget050,overall_slowdown_p95,81,1.1448802622756766
budget050,overall_slowdown_p99,81,1.6199831945691505
budget050,pfc_pause_events,81,0.0
budget050,pfc_resume_events,81,0.0
budget050,proactive_releases,81,347.0
budget050,queue_bytes_max,81,287760.0
budget050,queue_bytes_mean,81,2177.916
budget050,queue_bytes_p95,81,5450.0
budget050,queue_bytes_p99,81,74120.0
budget050,queue_sample_count,81,160000.0
budget050,reactive_binding_rate_changes,81,53.0
budget050,reactive_binding_updates,81,53.0
budget050,recovery_nacks_generated,81,0.0
budget050,recovery_nacks_received,81,0.0
budget050,registrations,81,347.0
budget050,selected_registrations,81,347.0
budget050,tie_binding_rate_changes,81,9.0
budget050,tie_binding_updates,81,247.0
budget050,timeout_recoveries,81,0.0
budget100,1BDP_to_1MB_fct_us_mean,81,44.899392857142864
budget100,1BDP_to_1MB_fct_us_p95,81,130.64225
budget100,1BDP_to_1MB_fct_us_p99,81,161.68190000000013
budget100,1BDP_to_1MB_flow_count,81,196.0
budget100,1BDP_to_1MB_slowdown_mean,81,1.2839659943488715
budget100,1BDP_to_1MB_slowdown_p95,81,1.8740904690506517
budget100,1BDP_to_1MB_slowdown_p99,81,2.5044735247674432
budget100,8KB_to_1BDP_fct_us_mean,81,9.230541666666667
budget100,8KB_to_1BDP_fct_us_p95,81,14.970849999999997
budget100,8KB_to_1BDP_fct_us_p99,81,18.60061000000001
budget100,8KB_to_1BDP_flow_count,81,1560.0
budget100,8KB_to_1BDP_slowdown_mean,81,1.0459678467847733
budget100,8KB_to_1BDP_slowdown_p95,81,1.200779791945654
budget100,8KB_to_1BDP_slowdown_p99,81,1.3937984906649978
budget100,aggregate_goodput_gbps,81,192.41796373906823
budget100,completion_releases,81,0.0
budget100,completion_span_us,81,10000.791
budget100,grant_binding_rate_changes,81,1.0
budget100,grant_binding_updates,81,34.0
budget100,grant_bytes_sent,81,283128.0
budget100,grant_event_rate_changes,81,531.0
budget100,grants_received,81,3012.0
budget100,grants_sent,81,3012.0
budget100,gt_1MB_fct_us_mean,81,234.81896202531647
budget100,gt_1MB_fct_us_p95,81,501.7766999999999
budget100,gt_1MB_fct_us_p99,81,537.7348
budget100,gt_1MB_flow_count,81,79.0
budget100,gt_1MB_slowdown_mean,81,1.7429220651856725
budget100,gt_1MB_slowdown_p95,81,3.2866220884962805
budget100,gt_1MB_slowdown_p99,81,3.6637260713975626
budget100,guard_ack_interval_packets,81,8.0
budget100,guard_adaptive_grant_updates,81,0.0
budget100,guard_adaptive_target_enabled,81,1.0
budget100,guard_adaptive_target_max_queue_bdps,81,1.770769231
budget100,guard_adaptive_target_min_observed,81,0.95
budget100,guard_adaptive_target_updates,81,113.0
budget100,guard_fixed_window,81,1.0
budget100,guard_grant_refresh_bdps,81,1.0
budget100,guard_long_acks_suppressed,81,162543.0
budget100,guard_min_share_fraction,81,0.0
budget100,guard_one_rtt_acks_suppressed,81,51609.0
budget100,guard_one_rtt_bypass_enabled,81,1.0
budget100,guard_one_rtt_bypass_feedbacks,81,5695.0
budget100,guard_one_rtt_bypass_flows,81,5695.0
budget100,guard_queue_budget_bdps,81,1.0
budget100,guard_rebalance_events,81,0.0
budget100,guard_remaining_aware,81,1.0
budget100,guard_remaining_exponent,81,1.0
budget100,guard_remaining_refresh_events,81,2160.0
budget100,guard_sender_srpt_enabled,81,1.0
budget100,guard_sender_srpt_forced_rr,81,92.0
budget100,guard_sender_srpt_non_rr,81,33279.0
budget100,guard_sender_srpt_selections,81,243584.0
budget100,guard_srpt_quantum_packets,81,64.0
budget100,guard_tail_bypass_bdps,81,8.0
budget100,guard_tail_bypass_enabled,81,1.0
budget100,guard_tail_bypass_feedbacks,81,14047.0
budget100,guard_tail_bypass_flows,81,347.0
budget100,guard_target_floor,81,0.95
budget100,hpcc_actual_rate_changes,81,52.0
budget100,hpcc_fast_computations,81,0.0
budget100,hpcc_feedback_updates,81,1527.0
budget100,hpcc_full_computations,81,328.0
budget100,hpcc_rate_updates_applied,81,328.0
budget100,hpcc_valid_feedback,81,382.0
budget100,int_hops_after_strip,81,31634.0
budget100,int_hops_before_strip,81,61066.0
budget100,int_records_stripped,81,29432.0
budget100,irn_nacks_generated,81,0.0
budget100,irn_nacks_received,81,0.0
budget100,irn_retransmit_bytes,81,0.0
budget100,irn_retransmit_packets,81,0.0
budget100,le_8KB_fct_us_mean,81,6.98378821012598
budget100,le_8KB_fct_us_p95,81,9.117700000000001
budget100,le_8KB_fct_us_p99,81,9.39
budget100,le_8KB_flow_count,81,4207.0
budget100,le_8KB_slowdown_mean,81,1.0100135678286573
budget100,le_8KB_slowdown_p95,81,1.037442265334704
budget100,le_8KB_slowdown_p99,81,1.0843913380038706
budget100,long_to_small_slowdown_mean_ratio,81,1.725642229670868
budget100,max_active_flows,81,3.0
budget100,overall_fct_us_mean,81,11.772827044025158
budget100,overall_fct_us_p95,81,16.659549999999985
budget100,overall_fct_us_p99,81,165.31950000000012
budget100,overall_flow_count,81,6042.0
budget100,overall_slowdown_mean,81,1.0377664844226173
budget100,overall_slowdown_p95,81,1.1467154027792683
budget100,overall_slowdown_p99,81,1.6199831945691505
budget100,pfc_pause_events,81,0.0
budget100,pfc_resume_events,81,0.0
budget100,proactive_releases,81,347.0
budget100,queue_bytes_max,81,287760.0
budget100,queue_bytes_mean,81,2227.602
budget100,queue_bytes_p95,81,5450.0
budget100,queue_bytes_p99,81,75210.0
budget100,queue_sample_count,81,160000.0
budget100,reactive_binding_rate_changes,81,45.0
budget100,reactive_binding_updates,81,45.0
budget100,recovery_nacks_generated,81,0.0
budget100,recovery_nacks_received,81,0.0
budget100,registrations,81,347.0
budget100,selected_registrations,81,347.0
budget100,tie_binding_rate_changes,81,6.0
budget100,tie_binding_updates,81,249.0
budget100,timeout_recoveries,81,0.0
adaptive_off,1BDP_to_1MB_fct_us_mean,82,59.165788944723616
adaptive_off,1BDP_to_1MB_fct_us_p95,82,216.27309999999994
adaptive_off,1BDP_to_1MB_fct_us_p99,82,270.6895200000001
adaptive_off,1BDP_to_1MB_flow_count,82,199.0
adaptive_off,1BDP_to_1MB_slowdown_mean,82,1.452747860719564
adaptive_off,1BDP_to_1MB_slowdown_p95,82,2.601769270297201
adaptive_off,1BDP_to_1MB_slowdown_p99,82,3.0792496278861523
adaptive_off,8KB_to_1BDP_fct_us_mean,82,9.135307151979566
adaptive_off,8KB_to_1BDP_fct_us_p95,82,14.82775
adaptive_off,8KB_to_1BDP_fct_us_p99,82,18.41039999999997
adaptive_off,8KB_to_1BDP_flow_count,82,1566.0
adaptive_off,8KB_to_1BDP_slowdown_mean,82,1.0462547418875785
adaptive_off,8KB_to_1BDP_slowdown_p95,82,1.1701759588770264
adaptive_off,8KB_to_1BDP_slowdown_p99,82,1.3828794209735649
adaptive_off,aggregate_goodput_gbps,82,221.1798294053644
adaptive_off,completion_releases,82,0.0
adaptive_off,completion_span_us,82,10263.277
adaptive_off,grant_binding_rate_changes,82,0.0
adaptive_off,grant_binding_updates,82,113.0
adaptive_off,grant_bytes_sent,82,374026.0
adaptive_off,grant_event_rate_changes,82,1065.0
adaptive_off,grants_received,82,3979.0
adaptive_off,grants_sent,82,3979.0
adaptive_off,gt_1MB_fct_us_mean,82,274.72593
adaptive_off,gt_1MB_fct_us_p95,82,545.4036999999998
adaptive_off,gt_1MB_fct_us_p99,82,845.1501800000005
adaptive_off,gt_1MB_flow_count,82,100.0
adaptive_off,gt_1MB_slowdown_mean,82,1.9785522491853806
adaptive_off,gt_1MB_slowdown_p95,82,3.877170979892088
adaptive_off,gt_1MB_slowdown_p99,82,5.3525384385858
adaptive_off,guard_ack_interval_packets,82,8.0
adaptive_off,guard_adaptive_grant_updates,82,0.0
adaptive_off,guard_adaptive_target_enabled,82,0.0
adaptive_off,guard_adaptive_target_max_queue_bdps,82,0.0
adaptive_off,guard_adaptive_target_min_observed,82,1.71
adaptive_off,guard_adaptive_target_updates,82,0.0
adaptive_off,guard_fixed_window,82,1.0
adaptive_off,guard_grant_refresh_bdps,82,1.0
adaptive_off,guard_long_acks_suppressed,82,200669.0
adaptive_off,guard_min_share_fraction,82,0.0
adaptive_off,guard_one_rtt_acks_suppressed,82,51152.0
adaptive_off,guard_one_rtt_bypass_enabled,82,1.0
adaptive_off,guard_one_rtt_bypass_feedbacks,82,5808.0
adaptive_off,guard_one_rtt_bypass_flows,82,5808.0
adaptive_off,guard_queue_budget_bdps,82,0.5
adaptive_off,guard_rebalance_events,82,0.0
adaptive_off,guard_remaining_aware,82,1.0
adaptive_off,guard_remaining_exponent,82,1.0
adaptive_off,guard_remaining_refresh_events,82,2678.0
adaptive_off,guard_sender_srpt_enabled,82,1.0
adaptive_off,guard_sender_srpt_forced_rr,82,142.0
adaptive_off,guard_sender_srpt_non_rr,82,51133.0
adaptive_off,guard_sender_srpt_selections,82,286869.0
adaptive_off,guard_srpt_quantum_packets,82,64.0
adaptive_off,guard_tail_bypass_bdps,82,8.0
adaptive_off,guard_tail_bypass_enabled,82,1.0
adaptive_off,guard_tail_bypass_feedbacks,82,16515.0
adaptive_off,guard_tail_bypass_flows,82,385.0
adaptive_off,guard_target_floor,82,0.95
adaptive_off,hpcc_actual_rate_changes,82,95.0
adaptive_off,hpcc_fast_computations,82,0.0
adaptive_off,hpcc_feedback_updates,82,2010.0
adaptive_off,hpcc_full_computations,82,532.0
adaptive_off,hpcc_rate_updates_applied,82,532.0
adaptive_off,hpcc_valid_feedback,82,602.0
adaptive_off,int_hops_after_strip,82,38930.0
adaptive_off,int_hops_before_strip,82,73978.0
adaptive_off,int_records_stripped,82,35048.0
adaptive_off,irn_nacks_generated,82,0.0
adaptive_off,irn_nacks_received,82,0.0
adaptive_off,irn_retransmit_bytes,82,0.0
adaptive_off,irn_retransmit_packets,82,0.0
adaptive_off,le_8KB_fct_us_mean,82,7.0407876617375225
adaptive_off,le_8KB_fct_us_p95,82,9.149
adaptive_off,le_8KB_fct_us_p99,82,9.466109999999997
adaptive_off,le_8KB_flow_count,82,4328.0
adaptive_off,le_8KB_slowdown_mean,82,1.0122780331106023
adaptive_off,le_8KB_slowdown_p95,82,1.0435270501833456
adaptive_off,le_8KB_slowdown_p99,82,1.0899219011534864
adaptive_off,long_to_small_slowdown_mean_ratio,82,1.9545541683894296
adaptive_off,max_active_flows,82,3.0
adaptive_off,overall_fct_us_mean,82,13.5677385758114
adaptive_off,overall_fct_us_p95,82,17.563799999999993
adaptive_off,overall_fct_us_p99,82,216.30344
adaptive_off,overall_flow_count,82,6193.0
adaptive_off,overall_slowdown_mean,82,1.0506259167286236
adaptive_off,overall_slowdown_p95,82,1.1747962052335839
adaptive_off,overall_slowdown_p99,82,1.9870559677866018
adaptive_off,pfc_pause_events,82,0.0
adaptive_off,pfc_resume_events,82,0.0
adaptive_off,proactive_releases,82,385.0
adaptive_off,queue_bytes_max,82,463250.0
adaptive_off,queue_bytes_mean,82,4519.721
adaptive_off,queue_bytes_p95,82,15260.0
adaptive_off,queue_bytes_p99,82,124260.0
adaptive_off,queue_sample_count,82,160000.0
adaptive_off,reactive_binding_rate_changes,82,87.0
adaptive_off,reactive_binding_updates,82,87.0
adaptive_off,recovery_nacks_generated,82,0.0
adaptive_off,recovery_nacks_received,82,0.0
adaptive_off,registrations,82,385.0
adaptive_off,selected_registrations,82,385.0
adaptive_off,tie_binding_rate_changes,82,8.0
adaptive_off,tie_binding_updates,82,332.0
adaptive_off,timeout_recoveries,82,0.0
budget025,1BDP_to_1MB_fct_us_mean,82,59.537326633165826
budget025,1BDP_to_1MB_fct_us_p95,82,215.8571
budget025,1BDP_to_1MB_fct_us_p99,82,271.0317800000002
budget025,1BDP_to_1MB_flow_count,82,199.0
budget025,1BDP_to_1MB_slowdown_mean,82,1.458742112028567
budget025,1BDP_to_1MB_slowdown_p95,82,2.650031769363464
budget025,1BDP_to_1MB_slowdown_p99,82,3.146363114879057
budget025,8KB_to_1BDP_fct_us_mean,82,9.139980204342274
budget025,8KB_to_1BDP_fct_us_p95,82,14.82725
budget025,8KB_to_1BDP_fct_us_p99,82,18.39999999999997
budget025,8KB_to_1BDP_flow_count,82,1566.0
budget025,8KB_to_1BDP_slowdown_mean,82,1.046848856547852
budget025,8KB_to_1BDP_slowdown_p95,82,1.1725622614578173
budget025,8KB_to_1BDP_slowdown_p99,82,1.380862096164711
budget025,aggregate_goodput_gbps,82,221.1798294053644
budget025,completion_releases,82,0.0
budget025,completion_span_us,82,10263.277
budget025,grant_binding_rate_changes,82,2.0
budget025,grant_binding_updates,82,110.0
budget025,grant_bytes_sent,82,377974.0
budget025,grant_event_rate_changes,82,1068.0
budget025,grants_received,82,4021.0
budget025,grants_sent,82,4021.0
budget025,gt_1MB_fct_us_mean,82,282.18127
budget025,gt_1MB_fct_us_p95,82,573.4804999999998
budget025,gt_1MB_fct_us_p99,82,817.2114700000006
budget025,gt_1MB_flow_count,82,100.0
budget025,gt_1MB_slowdown_mean,82,2.034288571669571
budget025,gt_1MB_slowdown_p95,82,4.252647268109404
budget025,gt_1MB_slowdown_p99,82,5.403772471591775
budget025,guard_ack_interval_packets,82,8.0
budget025,guard_adaptive_grant_updates,82,0.0
budget025,guard_adaptive_target_enabled,82,1.0
budget025,guard_adaptive_target_max_queue_bdps,82,2.116923077
budget025,guard_adaptive_target_min_observed,82,0.95
budget025,guard_adaptive_target_updates,82,222.0
budget025,guard_fixed_window,82,1.0
budget025,guard_grant_refresh_bdps,82,1.0
budget025,guard_long_acks_suppressed,82,200669.0
budget025,guard_min_share_fraction,82,0.0
budget025,guard_one_rtt_acks_suppressed,82,51152.0
budget025,guard_one_rtt_bypass_enabled,82,1.0
budget025,guard_one_rtt_bypass_feedbacks,82,5808.0
budget025,guard_one_rtt_bypass_flows,82,5808.0
budget025,guard_queue_budget_bdps,82,0.25
budget025,guard_rebalance_events,82,0.0
budget025,guard_remaining_aware,82,1.0
budget025,guard_remaining_exponent,82,1.0
budget025,guard_remaining_refresh_events,82,2683.0
budget025,guard_sender_srpt_enabled,82,1.0
budget025,guard_sender_srpt_forced_rr,82,154.0
budget025,guard_sender_srpt_non_rr,82,53029.0
budget025,guard_sender_srpt_selections,82,286869.0
budget025,guard_srpt_quantum_packets,82,64.0
budget025,guard_tail_bypass_bdps,82,8.0
budget025,guard_tail_bypass_enabled,82,1.0
budget025,guard_tail_bypass_feedbacks,82,16520.0
budget025,guard_tail_bypass_flows,82,385.0
budget025,guard_target_floor,82,0.95
budget025,hpcc_actual_rate_changes,82,175.0
budget025,hpcc_fast_computations,82,0.0
budget025,hpcc_feedback_updates,82,2061.0
budget025,hpcc_full_computations,82,579.0
budget025,hpcc_rate_updates_applied,82,579.0
budget025,hpcc_valid_feedback,82,649.0
budget025,int_hops_after_strip,82,38930.0
budget025,int_hops_before_strip,82,73978.0
budget025,int_records_stripped,82,35048.0
budget025,irn_nacks_generated,82,0.0
budget025,irn_nacks_received,82,0.0
budget025,irn_retransmit_bytes,82,0.0
budget025,irn_retransmit_packets,82,0.0
budget025,le_8KB_fct_us_mean,82,7.040948243992606
budget025,le_8KB_fct_us_p95,82,9.152
budget025,le_8KB_fct_us_p99,82,9.46773
budget025,le_8KB_flow_count,82,4328.0
budget025,le_8KB_slowdown_mean,82,1.0123090463574236
budget025,le_8KB_slowdown_p95,82,1.0437745169288646
budget025,le_8KB_slowdown_p99,82,1.0906193431228592
budget025,long_to_small_slowdown_mean_ratio,82,2.009552891964683
budget025,max_active_flows,82,3.0
budget025,overall_fct_us_mean,82,13.701354432423704
budget025,overall_fct_us_p95,82,17.610199999999963
budget025,overall_fct_us_p99,82,216.8614799999997
budget025,overall_flow_count,82,6193.0
budget025,overall_slowdown_mean,82,1.0518904245841285
budget025,overall_slowdown_p95,82,1.172884200659925
budget025,overall_slowdown_p99,82,2.0166011658855574
budget025,pfc_pause_events,82,0.0
budget025,pfc_resume_events,82,0.0
budget025,proactive_releases,82,385.0
budget025,queue_bytes_max,82,454530.0
budget025,queue_bytes_mean,82,4128.22
budget025,queue_bytes_p95,82,14170.0
budget025,queue_bytes_p99,82,119900.0
budget025,queue_sample_count,82,160000.0
budget025,reactive_binding_rate_changes,82,154.0
budget025,reactive_binding_updates,82,154.0
budget025,recovery_nacks_generated,82,0.0
budget025,recovery_nacks_received,82,0.0
budget025,registrations,82,385.0
budget025,selected_registrations,82,385.0
budget025,tie_binding_rate_changes,82,19.0
budget025,tie_binding_updates,82,315.0
budget025,timeout_recoveries,82,0.0
budget050,1BDP_to_1MB_fct_us_mean,82,58.37348743718593
budget050,1BDP_to_1MB_fct_us_p95,82,211.9502
budget050,1BDP_to_1MB_fct_us_p99,82,250.3557000000002
budget050,1BDP_to_1MB_flow_count,82,199.0
budget050,1BDP_to_1MB_slowdown_mean,82,1.4447814238959427
budget050,1BDP_to_1MB_slowdown_p95,82,2.5398482775843463
budget050,1BDP_to_1MB_slowdown_p99,82,2.976297051322268
budget050,8KB_to_1BDP_fct_us_mean,82,9.133725415070243
budget050,8KB_to_1BDP_fct_us_p95,82,14.824
budget050,8KB_to_1BDP_fct_us_p99,82,18.39999999999997
budget050,8KB_to_1BDP_flow_count,82,1566.0
budget050,8KB_to_1BDP_slowdown_mean,82,1.0462129216449596
budget050,8KB_to_1BDP_slowdown_p95,82,1.1670921334262312
budget050,8KB_to_1BDP_slowdown_p99,82,1.3769017604821183
budget050,aggregate_goodput_gbps,82,221.1798294053644
budget050,completion_releases,82,0.0
budget050,completion_span_us,82,10263.277
budget050,grant_binding_rate_changes,82,1.0
budget050,grant_binding_updates,82,103.0
budget050,grant_bytes_sent,82,380888.0
budget050,grant_event_rate_changes,82,1049.0
budget050,grants_received,82,4052.0
budget050,grants_sent,82,4052.0
budget050,gt_1MB_fct_us_mean,82,278.02088
budget050,gt_1MB_fct_us_p95,82,569.0735999999997
budget050,gt_1MB_fct_us_p99,82,786.0910700000002
budget050,gt_1MB_flow_count,82,100.0
budget050,gt_1MB_slowdown_mean,82,1.9989661947033621
budget050,gt_1MB_slowdown_p95,82,4.2154878752857705
budget050,gt_1MB_slowdown_p99,82,4.730017818557751
budget050,guard_ack_interval_packets,82,8.0
budget050,guard_adaptive_grant_updates,82,0.0
budget050,guard_adaptive_target_enabled,82,1.0
budget050,guard_adaptive_target_max_queue_bdps,82,2.137692308
budget050,guard_adaptive_target_min_observed,82,0.95
budget050,guard_adaptive_target_updates,82,202.0
budget050,guard_fixed_window,82,1.0
budget050,guard_grant_refresh_bdps,82,1.0
budget050,guard_long_acks_suppressed,82,200669.0
budget050,guard_min_share_fraction,82,0.0
budget050,guard_one_rtt_acks_suppressed,82,51152.0
budget050,guard_one_rtt_bypass_enabled,82,1.0
budget050,guard_one_rtt_bypass_feedbacks,82,5808.0
budget050,guard_one_rtt_bypass_flows,82,5808.0
budget050,guard_queue_budget_bdps,82,0.5
budget050,guard_rebalance_events,82,0.0
budget050,guard_remaining_aware,82,1.0
budget050,guard_remaining_exponent,82,1.0
budget050,guard_remaining_refresh_events,82,2681.0
budget050,guard_sender_srpt_enabled,82,1.0
budget050,guard_sender_srpt_forced_rr,82,163.0
budget050,guard_sender_srpt_non_rr,82,51564.0
budget050,guard_sender_srpt_selections,82,286869.0
budget050,guard_srpt_quantum_packets,82,64.0
budget050,guard_tail_bypass_bdps,82,8.0
budget050,guard_tail_bypass_enabled,82,1.0
budget050,guard_tail_bypass_feedbacks,82,16519.0
budget050,guard_tail_bypass_flows,82,385.0
budget050,guard_target_floor,82,0.95
budget050,hpcc_actual_rate_changes,82,147.0
budget050,hpcc_fast_computations,82,0.0
budget050,hpcc_feedback_updates,82,2038.0
budget050,hpcc_full_computations,82,561.0
budget050,hpcc_rate_updates_applied,82,561.0
budget050,hpcc_valid_feedback,82,631.0
budget050,int_hops_after_strip,82,38930.0
budget050,int_hops_before_strip,82,73978.0
budget050,int_records_stripped,82,35048.0
budget050,irn_nacks_generated,82,0.0
budget050,irn_nacks_received,82,0.0
budget050,irn_retransmit_bytes,82,0.0
budget050,irn_retransmit_packets,82,0.0
budget050,le_8KB_fct_us_mean,82,7.0410099353049915
budget050,le_8KB_fct_us_p95,82,9.15565
budget050,le_8KB_fct_us_p99,82,9.464459999999999
budget050,le_8KB_flow_count,82,4328.0
budget050,le_8KB_slowdown_mean,82,1.0123173707814053
budget050,le_8KB_slowdown_p95,82,1.0442522353303296
budget050,le_8KB_slowdown_p99,82,1.089594139532235
budget050,long_to_small_slowdown_mean_ratio,82,1.9746437751634798
budget050,max_active_flows,82,3.0
budget050,overall_fct_us_mean,82,13.595239302438236
budget050,overall_fct_us_p95,82,17.60479999999999
budget050,overall_fct_us_p99,82,216.05687999999998
budget050,overall_flow_count,82,6193.0
budget050,overall_slowdown_mean,82,1.0507164764837007
budget050,overall_slowdown_p95,82,1.1722141197735856
budget050,overall_slowdown_p99,82,2.020017333151177
budget050,pfc_pause_events,82,0.0
budget050,pfc_resume_events,82,0.0
budget050,proactive_releases,82,385.0
budget050,queue_bytes_max,82,451260.0
budget050,queue_bytes_mean,82,3792.253
budget050,queue_bytes_p95,82,13080.0
budget050,queue_bytes_p99,82,111180.0
budget050,queue_sample_count,82,160000.0
budget050,reactive_binding_rate_changes,82,130.0
budget050,reactive_binding_updates,82,130.0
budget050,recovery_nacks_generated,82,0.0
budget050,recovery_nacks_received,82,0.0
budget050,registrations,82,385.0
budget050,selected_registrations,82,385.0
budget050,tie_binding_rate_changes,82,16.0
budget050,tie_binding_updates,82,328.0
budget050,timeout_recoveries,82,0.0
budget100,1BDP_to_1MB_fct_us_mean,82,59.24857788944724
budget100,1BDP_to_1MB_fct_us_p95,82,211.9825
budget100,1BDP_to_1MB_fct_us_p99,82,271.2165400000003
budget100,1BDP_to_1MB_flow_count,82,199.0
budget100,1BDP_to_1MB_slowdown_mean,82,1.4575842407432364
budget100,1BDP_to_1MB_slowdown_p95,82,2.539380628710709
budget100,1BDP_to_1MB_slowdown_p99,82,3.0606966042874917
budget100,8KB_to_1BDP_fct_us_mean,82,9.132129629629631
budget100,8KB_to_1BDP_fct_us_p95,82,14.80275
budget100,8KB_to_1BDP_fct_us_p99,82,18.39544999999997
budget100,8KB_to_1BDP_flow_count,82,1566.0
budget100,8KB_to_1BDP_slowdown_mean,82,1.0461154601221427
budget100,8KB_to_1BDP_slowdown_p95,82,1.170763105237899
budget100,8KB_to_1BDP_slowdown_p99,82,1.3720545773344293
budget100,aggregate_goodput_gbps,82,221.1798294053644
budget100,completion_releases,82,0.0
budget100,completion_span_us,82,10263.277
budget100,grant_binding_rate_changes,82,2.0
budget100,grant_binding_updates,82,107.0
budget100,grant_bytes_sent,82,381546.0
budget100,grant_event_rate_changes,82,1052.0
budget100,grants_received,82,4059.0
budget100,grants_sent,82,4059.0
budget100,gt_1MB_fct_us_mean,82,277.76004
budget100,gt_1MB_fct_us_p95,82,554.3028499999997
budget100,gt_1MB_fct_us_p99,82,788.09108
budget100,gt_1MB_flow_count,82,100.0
budget100,gt_1MB_slowdown_mean,82,2.0006066130486104
budget100,gt_1MB_slowdown_p95,82,4.117432325007434
budget100,gt_1MB_slowdown_p99,82,5.156128540320565
budget100,guard_ack_interval_packets,82,8.0
budget100,guard_adaptive_grant_updates,82,0.0
budget100,guard_adaptive_target_enabled,82,1.0
budget100,guard_adaptive_target_max_queue_bdps,82,2.389230769
budget100,guard_adaptive_target_min_observed,82,0.95
budget100,guard_adaptive_target_updates,82,206.0
budget100,guard_fixed_window,82,1.0
budget100,guard_grant_refresh_bdps,82,1.0
budget100,guard_long_acks_suppressed,82,200669.0
budget100,guard_min_share_fraction,82,0.0
budget100,guard_one_rtt_acks_suppressed,82,51152.0
budget100,guard_one_rtt_bypass_enabled,82,1.0
budget100,guard_one_rtt_bypass_feedbacks,82,5808.0
budget100,guard_one_rtt_bypass_flows,82,5808.0
budget100,guard_queue_budget_bdps,82,1.0
budget100,guard_rebalance_events,82,0.0
budget100,guard_remaining_aware,82,1.0
budget100,guard_remaining_exponent,82,1.0
budget100,guard_remaining_refresh_events,82,2681.0
budget100,guard_sender_srpt_enabled,82,1.0
budget100,guard_sender_srpt_forced_rr,82,166.0
budget100,guard_sender_srpt_non_rr,82,54239.0
budget100,guard_sender_srpt_selections,82,286869.0
budget100,guard_srpt_quantum_packets,82,64.0
budget100,guard_tail_bypass_bdps,82,8.0
budget100,guard_tail_bypass_enabled,82,1.0
budget100,guard_tail_bypass_feedbacks,82,16518.0
budget100,guard_tail_bypass_flows,82,385.0
budget100,guard_target_floor,82,0.95
budget100,hpcc_actual_rate_changes,82,121.0
budget100,hpcc_fast_computations,82,0.0
budget100,hpcc_feedback_updates,82,2050.0
budget100,hpcc_full_computations,82,552.0
budget100,hpcc_rate_updates_applied,82,552.0
budget100,hpcc_valid_feedback,82,622.0
budget100,int_hops_after_strip,82,38930.0
budget100,int_hops_before_strip,82,73978.0
budget100,int_records_stripped,82,35048.0
budget100,irn_nacks_generated,82,0.0
budget100,irn_nacks_received,82,0.0
budget100,irn_retransmit_bytes,82,0.0
budget100,irn_retransmit_packets,82,0.0
budget100,le_8KB_fct_us_mean,82,7.0409560998151575
budget100,le_8KB_fct_us_p95,82,9.15865
budget100,le_8KB_fct_us_p99,82,9.464459999999999
budget100,le_8KB_flow_count,82,4328.0
budget100,le_8KB_slowdown_mean,82,1.0123259219437823
budget100,le_8KB_slowdown_p95,82,1.044512840787636
budget100,le_8KB_slowdown_p99,82,1.0883458014116614
budget100,long_to_small_slowdown_mean_ratio,82,1.9762475401274082
budget100,max_active_flows,82,3.0
budget100,overall_fct_us_mean,82,13.6187056353948
budget100,overall_fct_us_p95,82,17.55059999999999
budget100,overall_fct_us_p99,82,216.68783999999977
budget100,overall_flow_count,82,6193.0
budget100,overall_slowdown_mean,82,1.0511356896393882
budget100,overall_slowdown_p95,82,1.1737840452749324
budget100,overall_slowdown_p99,82,1.9945701961369395
budget100,pfc_pause_events,82,0.0
budget100,pfc_resume_events,82,0.0
budget100,proactive_releases,82,385.0
budget100,queue_bytes_max,82,456710.0
budget100,queue_bytes_mean,82,3868.325
budget100,queue_bytes_p95,82,13080.0
budget100,queue_bytes_p99,82,112270.0
budget100,queue_sample_count,82,160000.0
budget100,reactive_binding_rate_changes,82,107.0
budget100,reactive_binding_updates,82,107.0
budget100,recovery_nacks_generated,82,0.0
budget100,recovery_nacks_received,82,0.0
budget100,registrations,82,385.0
budget100,selected_registrations,82,385.0
budget100,tie_binding_rate_changes,82,12.0
budget100,tie_binding_updates,82,338.0
budget100,timeout_recoveries,82,0.0
adaptive_off,1BDP_to_1MB_fct_us_mean,83,48.2953664921466
adaptive_off,1BDP_to_1MB_fct_us_p95,83,121.342
adaptive_off,1BDP_to_1MB_fct_us_p99,83,164.39689999999985
adaptive_off,1BDP_to_1MB_flow_count,83,191.0
adaptive_off,1BDP_to_1MB_slowdown_mean,83,1.2959939727378893
adaptive_off,1BDP_to_1MB_slowdown_p95,83,1.820479868144622
adaptive_off,1BDP_to_1MB_slowdown_p99,83,2.3788897974209453
adaptive_off,8KB_to_1BDP_fct_us_mean,83,9.085025625
adaptive_off,8KB_to_1BDP_fct_us_p95,83,14.539549999999998
adaptive_off,8KB_to_1BDP_fct_us_p99,83,17.79616
adaptive_off,8KB_to_1BDP_flow_count,83,1600.0
adaptive_off,8KB_to_1BDP_slowdown_mean,83,1.047012718373579
adaptive_off,8KB_to_1BDP_slowdown_p95,83,1.191580087074046
adaptive_off,8KB_to_1BDP_slowdown_p99,83,1.4027956194353681
adaptive_off,aggregate_goodput_gbps,83,201.38529290868496
adaptive_off,completion_releases,83,0.0
adaptive_off,completion_span_us,83,10101.032
adaptive_off,grant_binding_rate_changes,83,0.0
adaptive_off,grant_binding_updates,83,70.0
adaptive_off,grant_bytes_sent,83,325522.0
adaptive_off,grant_event_rate_changes,83,573.0
adaptive_off,grants_received,83,3463.0
adaptive_off,grants_sent,83,3463.0
adaptive_off,gt_1MB_fct_us_mean,83,261.0694512195122
adaptive_off,gt_1MB_fct_us_p95,83,525.7669000000001
adaptive_off,gt_1MB_fct_us_p99,83,807.7615699999994
adaptive_off,gt_1MB_flow_count,83,82.0
adaptive_off,gt_1MB_slowdown_mean,83,1.857087511029679
adaptive_off,gt_1MB_slowdown_p95,83,3.6608425456480638
adaptive_off,gt_1MB_slowdown_p99,83,4.8856735036287295
adaptive_off,guard_ack_interval_packets,83,8.0
adaptive_off,guard_adaptive_grant_updates,83,0.0
adaptive_off,guard_adaptive_target_enabled,83,0.0
adaptive_off,guard_adaptive_target_max_queue_bdps,83,0.0
adaptive_off,guard_adaptive_target_min_observed,83,1.71
adaptive_off,guard_adaptive_target_updates,83,0.0
adaptive_off,guard_fixed_window,83,1.0
adaptive_off,guard_grant_refresh_bdps,83,1.0
adaptive_off,guard_long_acks_suppressed,83,173770.0
adaptive_off,guard_min_share_fraction,83,0.0
adaptive_off,guard_one_rtt_acks_suppressed,83,52496.0
adaptive_off,guard_one_rtt_bypass_enabled,83,1.0
adaptive_off,guard_one_rtt_bypass_feedbacks,83,5742.0
adaptive_off,guard_one_rtt_bypass_flows,83,5742.0
adaptive_off,guard_queue_budget_bdps,83,0.5
adaptive_off,guard_rebalance_events,83,0.0
adaptive_off,guard_remaining_aware,83,1.0
adaptive_off,guard_remaining_exponent,83,1.0
adaptive_off,guard_remaining_refresh_events,83,2345.0
adaptive_off,guard_sender_srpt_enabled,83,1.0
adaptive_off,guard_sender_srpt_forced_rr,83,166.0
adaptive_off,guard_sender_srpt_non_rr,83,45174.0
adaptive_off,guard_sender_srpt_selections,83,257344.0
adaptive_off,guard_srpt_quantum_packets,83,64.0
adaptive_off,guard_tail_bypass_bdps,83,8.0
adaptive_off,guard_tail_bypass_enabled,83,1.0
adaptive_off,guard_tail_bypass_feedbacks,83,14639.0
adaptive_off,guard_tail_bypass_flows,83,349.0
adaptive_off,guard_target_floor,83,0.95
adaptive_off,hpcc_actual_rate_changes,83,3.0
adaptive_off,hpcc_fast_computations,83,0.0
adaptive_off,hpcc_feedback_updates,83,1736.0
adaptive_off,hpcc_full_computations,83,365.0
adaptive_off,hpcc_rate_updates_applied,83,365.0
adaptive_off,hpcc_valid_feedback,83,421.0
adaptive_off,int_hops_after_strip,83,33372.0
adaptive_off,int_hops_before_strip,83,64450.0
adaptive_off,int_records_stripped,83,31078.0
adaptive_off,irn_nacks_generated,83,0.0
adaptive_off,irn_nacks_received,83,0.0
adaptive_off,irn_retransmit_bytes,83,0.0
adaptive_off,irn_retransmit_packets,83,0.0
adaptive_off,le_8KB_fct_us_mean,83,6.997159317211949
adaptive_off,le_8KB_fct_us_p95,83,9.13015
adaptive_off,le_8KB_fct_us_p99,83,9.398
adaptive_off,le_8KB_flow_count,83,4218.0
adaptive_off,le_8KB_slowdown_mean,83,1.0107793987249052
adaptive_off,le_8KB_slowdown_p95,83,1.039625585199425
adaptive_off,le_8KB_slowdown_p99,83,1.0808485618308596
adaptive_off,long_to_small_slowdown_mean_ratio,83,1.8372827081481762
adaptive_off,max_active_flows,83,4.0
adaptive_off,overall_fct_us_mean,83,12.261068625841405
adaptive_off,overall_fct_us_p95,83,16.188000000000002
adaptive_off,overall_fct_us_p99,83,167.38070000000099
adaptive_off,overall_flow_count,83,6091.0
adaptive_off,overall_slowdown_mean,83,1.0406343585481441
adaptive_off,overall_slowdown_p95,83,1.1562892502193922
adaptive_off,overall_slowdown_p99,83,1.6162728319533026
adaptive_off,pfc_pause_events,83,0.0
adaptive_off,pfc_resume_events,83,0.0
adaptive_off,proactive_releases,83,349.0
adaptive_off,queue_bytes_max,83,191840.0
adaptive_off,queue_bytes_mean,83,1335.395
adaptive_off,queue_bytes_p95,83,5450.0
adaptive_off,queue_bytes_p99,83,37060.0
adaptive_off,queue_sample_count,83,160000.0
adaptive_off,reactive_binding_rate_changes,83,2.0
adaptive_off,reactive_binding_updates,83,2.0
adaptive_off,recovery_nacks_generated,83,0.0
adaptive_off,recovery_nacks_received,83,0.0
adaptive_off,registrations,83,349.0
adaptive_off,selected_registrations,83,349.0
adaptive_off,tie_binding_rate_changes,83,1.0
adaptive_off,tie_binding_updates,83,293.0
adaptive_off,timeout_recoveries,83,0.0
budget025,1BDP_to_1MB_fct_us_mean,83,48.279554973821995
budget025,1BDP_to_1MB_fct_us_p95,83,120.8715
budget025,1BDP_to_1MB_fct_us_p99,83,164.39689999999985
budget025,1BDP_to_1MB_flow_count,83,191.0
budget025,1BDP_to_1MB_slowdown_mean,83,1.2958622044769992
budget025,1BDP_to_1MB_slowdown_p95,83,1.820479868144622
budget025,1BDP_to_1MB_slowdown_p99,83,2.3788897974209453
budget025,8KB_to_1BDP_fct_us_mean,83,9.084623125
budget025,8KB_to_1BDP_fct_us_p95,83,14.540949999999997
budget025,8KB_to_1BDP_fct_us_p99,83,17.79545
budget025,8KB_to_1BDP_flow_count,83,1600.0
budget025,8KB_to_1BDP_slowdown_mean,83,1.0469767809596824
budget025,8KB_to_1BDP_slowdown_p95,83,1.1915098596821845
budget025,8KB_to_1BDP_slowdown_p99,83,1.4027956194353681
budget025,aggregate_goodput_gbps,83,201.38529290868496
budget025,completion_releases,83,0.0
budget025,completion_span_us,83,10101.032
budget025,grant_binding_rate_changes,83,0.0
budget025,grant_binding_updates,83,71.0
budget025,grant_bytes_sent,83,325710.0
budget025,grant_event_rate_changes,83,578.0
budget025,grants_received,83,3465.0
budget025,grants_sent,83,3465.0
budget025,gt_1MB_fct_us_mean,83,261.5673170731707
budget025,gt_1MB_fct_us_p95,83,525.7669000000001
budget025,gt_1MB_fct_us_p99,83,807.8876999999995
budget025,gt_1MB_flow_count,83,82.0
budget025,gt_1MB_slowdown_mean,83,1.8610046105018068
budget025,gt_1MB_slowdown_p95,83,3.6603089940345632
budget025,gt_1MB_slowdown_p99,83,4.886435743914437
budget025,guard_ack_interval_packets,83,8.0
budget025,guard_adaptive_grant_updates,83,0.0
budget025,guard_adaptive_target_enabled,83,1.0
budget025,guard_adaptive_target_max_queue_bdps,83,0.838461538
budget025,guard_adaptive_target_min_observed,83,0.95
budget025,guard_adaptive_target_updates,83,54.0
budget025,guard_fixed_window,83,1.0
budget025,guard_grant_refresh_bdps,83,1.0
budget025,guard_long_acks_suppressed,83,173770.0
budget025,guard_min_share_fraction,83,0.0
budget025,guard_one_rtt_acks_suppressed,83,52496.0
budget025,guard_one_rtt_bypass_enabled,83,1.0
budget025,guard_one_rtt_bypass_feedbacks,83,5742.0
budget025,guard_one_rtt_bypass_flows,83,5742.0
budget025,guard_queue_budget_bdps,83,0.25
budget025,guard_rebalance_events,83,0.0
budget025,guard_remaining_aware,83,1.0
budget025,guard_remaining_exponent,83,1.0
budget025,guard_remaining_refresh_events,83,2344.0
budget025,guard_sender_srpt_enabled,83,1.0
budget025,guard_sender_srpt_forced_rr,83,162.0
budget025,guard_sender_srpt_non_rr,83,44985.0
budget025,guard_sender_srpt_selections,83,257344.0
budget025,guard_srpt_quantum_packets,83,64.0
budget025,guard_tail_bypass_bdps,83,8.0
budget025,guard_tail_bypass_enabled,83,1.0
budget025,guard_tail_bypass_feedbacks,83,14639.0
budget025,guard_tail_bypass_flows,83,349.0
budget025,guard_target_floor,83,0.95
budget025,hpcc_actual_rate_changes,83,7.0
budget025,hpcc_fast_computations,83,0.0
budget025,hpcc_feedback_updates,83,1738.0
budget025,hpcc_full_computations,83,365.0
budget025,hpcc_rate_updates_applied,83,365.0
budget025,hpcc_valid_feedback,83,421.0
budget025,int_hops_after_strip,83,33372.0
budget025,int_hops_before_strip,83,64450.0
budget025,int_records_stripped,83,31078.0
budget025,irn_nacks_generated,83,0.0
budget025,irn_nacks_received,83,0.0
budget025,irn_retransmit_bytes,83,0.0
budget025,irn_retransmit_packets,83,0.0
budget025,le_8KB_fct_us_mean,83,6.9972773826458035
budget025,le_8KB_fct_us_p95,83,9.13015
budget025,le_8KB_fct_us_p99,83,9.398
budget025,le_8KB_flow_count,83,4218.0
budget025,le_8KB_slowdown_mean,83,1.0108013236581455
budget025,le_8KB_slowdown_p95,83,1.039625585199425
budget025,le_8KB_slowdown_p99,83,1.0808485618308596
budget025,long_to_small_slowdown_mean_ratio,83,1.841118098032093
budget025,max_active_flows,83,4.0
budget025,overall_fct_us_mean,83,12.267251354457395
budget025,overall_fct_us_p95,83,16.18
budget025,overall_fct_us_p99,83,167.38070000000099
budget025,overall_flow_count,83,6091.0
budget025,overall_slowdown_mean,83,1.040688703306814
budget025,overall_slowdown_p95,83,1.1562892502193922
budget025,overall_slowdown_p99,83,1.6161491863661601
budget025,pfc_pause_events,83,0.0
budget025,pfc_resume_events,83,0.0
budget025,proactive_releases,83,349.0
budget025,queue_bytes_max,83,191840.0
budget025,queue_bytes_mean,83,1340.757
budget025,queue_bytes_p95,83,5450.0
budget025,queue_bytes_p99,83,38150.0
budget025,queue_sample_count,83,160000.0
budget025,reactive_binding_rate_changes,83,5.0
budget025,reactive_binding_updates,83,5.0
budget025,recovery_nacks_generated,83,0.0
budget025,recovery_nacks_received,83,0.0
budget025,registrations,83,349.0
budget025,selected_registrations,83,349.0
budget025,tie_binding_rate_changes,83,2.0
budget025,tie_binding_updates,83,289.0
budget025,timeout_recoveries,83,0.0
budget050,1BDP_to_1MB_fct_us_mean,83,48.27953403141361
budget050,1BDP_to_1MB_fct_us_p95,83,120.8715
budget050,1BDP_to_1MB_fct_us_p99,83,164.39689999999985
budget050,1BDP_to_1MB_flow_count,83,191.0
budget050,1BDP_to_1MB_slowdown_mean,83,1.2958620710671422
budget050,1BDP_to_1MB_slowdown_p95,83,1.820479868144622
budget050,1BDP_to_1MB_slowdown_p99,83,2.3788897974209453
budget050,8KB_to_1BDP_fct_us_mean,83,9.08484
budget050,8KB_to_1BDP_fct_us_p95,83,14.540949999999997
budget050,8KB_to_1BDP_fct_us_p99,83,17.79545
budget050,8KB_to_1BDP_flow_count,83,1600.0
budget050,8KB_to_1BDP_slowdown_mean,83,1.047003490805374
budget050,8KB_to_1BDP_slowdown_p95,83,1.1915098596821845
budget050,8KB_to_1BDP_slowdown_p99,83,1.4027956194353681
budget050,aggregate_goodput_gbps,83,201.38529290868496
budget050,completion_releases,83,0.0
budget050,completion_span_us,83,10101.032
budget050,grant_binding_rate_changes,83,0.0
budget050,grant_binding_updates,83,71.0
budget050,grant_bytes_sent,83,325710.0
budget050,grant_event_rate_changes,83,578.0
budget050,grants_received,83,3465.0
budget050,grants_sent,83,3465.0
budget050,gt_1MB_fct_us_mean,83,261.5428414634146
budget050,gt_1MB_fct_us_p95,83,525.7669000000001
budget050,gt_1MB_fct_us_p99,83,807.8876999999995
budget050,gt_1MB_flow_count,83,82.0
budget050,gt_1MB_slowdown_mean,83,1.8608217588357796
budget050,gt_1MB_slowdown_p95,83,3.6603089940345632
budget050,gt_1MB_slowdown_p99,83,4.886435743914437
budget050,guard_ack_interval_packets,83,8.0
budget050,guard_adaptive_grant_updates,83,0.0
budget050,guard_adaptive_target_enabled,83,1.0
budget050,guard_adaptive_target_max_queue_bdps,83,0.838461538
budget050,guard_adaptive_target_min_observed,83,0.95
budget050,guard_adaptive_target_updates,83,53.0
budget050,guard_fixed_window,83,1.0
budget050,guard_grant_refresh_bdps,83,1.0
budget050,guard_long_acks_suppressed,83,173770.0
budget050,guard_min_share_fraction,83,0.0
budget050,guard_one_rtt_acks_suppressed,83,52496.0
budget050,guard_one_rtt_bypass_enabled,83,1.0
budget050,guard_one_rtt_bypass_feedbacks,83,5742.0
budget050,guard_one_rtt_bypass_flows,83,5742.0
budget050,guard_queue_budget_bdps,83,0.5
budget050,guard_rebalance_events,83,0.0
budget050,guard_remaining_aware,83,1.0
budget050,guard_remaining_exponent,83,1.0
budget050,guard_remaining_refresh_events,83,2344.0
budget050,guard_sender_srpt_enabled,83,1.0
budget050,guard_sender_srpt_forced_rr,83,162.0
budget050,guard_sender_srpt_non_rr,83,44982.0
budget050,guard_sender_srpt_selections,83,257344.0
budget050,guard_srpt_quantum_packets,83,64.0
budget050,guard_tail_bypass_bdps,83,8.0
budget050,guard_tail_bypass_enabled,83,1.0
budget050,guard_tail_bypass_feedbacks,83,14639.0
budget050,guard_tail_bypass_flows,83,349.0
budget050,guard_target_floor,83,0.95
budget050,hpcc_actual_rate_changes,83,5.0
budget050,hpcc_fast_computations,83,0.0
budget050,hpcc_feedback_updates,83,1738.0
budget050,hpcc_full_computations,83,365.0
budget050,hpcc_rate_updates_applied,83,365.0
budget050,hpcc_valid_feedback,83,421.0
budget050,int_hops_after_strip,83,33372.0
budget050,int_hops_before_strip,83,64450.0
budget050,int_records_stripped,83,31078.0
budget050,irn_nacks_generated,83,0.0
budget050,irn_nacks_received,83,0.0
budget050,irn_retransmit_bytes,83,0.0
budget050,irn_retransmit_packets,83,0.0
budget050,le_8KB_fct_us_mean,83,6.997267899478426
budget050,le_8KB_fct_us_p95,83,9.12915
budget050,le_8KB_fct_us_p99,83,9.398
budget050,le_8KB_flow_count,83,4218.0
budget050,le_8KB_slowdown_mean,83,1.0107982504028497
budget050,le_8KB_slowdown_p95,83,1.039625585199425
budget050,le_8KB_slowdown_p99,83,1.0808485618308596
budget050,long_to_small_slowdown_mean_ratio,83,1.8409427975307204
budget050,max_active_flows,83,4.0
budget050,overall_fct_us_mean,83,12.266971597438843
budget050,overall_fct_us_p95,83,16.18
budget050,overall_fct_us_p99,83,167.38070000000099
budget050,overall_flow_count,83,6091.0
budget050,overall_slowdown_mean,83,1.0406911254779472
budget050,overall_slowdown_p95,83,1.1562892502193922
budget050,overall_slowdown_p99,83,1.6161491863661601
budget050,pfc_pause_events,83,0.0
budget050,pfc_resume_events,83,0.0
budget050,proactive_releases,83,349.0
budget050,queue_bytes_max,83,191840.0
budget050,queue_bytes_mean,83,1340.82
budget050,queue_bytes_p95,83,5450.0
budget050,queue_bytes_p99,83,38150.0
budget050,queue_sample_count,83,160000.0
budget050,reactive_binding_rate_changes,83,4.0
budget050,reactive_binding_updates,83,4.0
budget050,recovery_nacks_generated,83,0.0
budget050,recovery_nacks_received,83,0.0
budget050,registrations,83,349.0
budget050,selected_registrations,83,349.0
budget050,tie_binding_rate_changes,83,1.0
budget050,tie_binding_updates,83,290.0
budget050,timeout_recoveries,83,0.0
budget100,1BDP_to_1MB_fct_us_mean,83,48.28509947643979
budget100,1BDP_to_1MB_fct_us_p95,83,120.8715
budget100,1BDP_to_1MB_fct_us_p99,83,164.39689999999985
budget100,1BDP_to_1MB_flow_count,83,191.0
budget100,1BDP_to_1MB_slowdown_mean,83,1.2959040706532803
budget100,1BDP_to_1MB_slowdown_p95,83,1.820479868144622
budget100,1BDP_to_1MB_slowdown_p99,83,2.3788897974209453
budget100,8KB_to_1BDP_fct_us_mean,83,9.084505625
budget100,8KB_to_1BDP_fct_us_p95,83,14.539649999999998
budget100,8KB_to_1BDP_fct_us_p99,83,17.79527
budget100,8KB_to_1BDP_flow_count,83,1600.0
budget100,8KB_to_1BDP_slowdown_mean,83,1.0469666183972433
budget100,8KB_to_1BDP_slowdown_p95,83,1.193216074788487
budget100,8KB_to_1BDP_slowdown_p99,83,1.4027956194353681
budget100,aggregate_goodput_gbps,83,201.38529290868496
budget100,completion_releases,83,0.0
budget100,completion_span_us,83,10101.032
budget100,grant_binding_rate_changes,83,0.0
budget100,grant_binding_updates,83,72.0
budget100,grant_bytes_sent,83,325804.0
budget100,grant_event_rate_changes,83,578.0
budget100,grants_received,83,3466.0
budget100,grants_sent,83,3466.0
budget100,gt_1MB_fct_us_mean,83,261.2715487804878
budget100,gt_1MB_fct_us_p95,83,525.7669000000001
budget100,gt_1MB_fct_us_p99,83,807.7889399999995
budget100,gt_1MB_flow_count,83,82.0
budget100,gt_1MB_slowdown_mean,83,1.8587007005969054
budget100,gt_1MB_slowdown_p95,83,3.6608425456480638
budget100,gt_1MB_slowdown_p99,83,4.88582642811615
budget100,guard_ack_interval_packets,83,8.0
budget100,guard_adaptive_grant_updates,83,0.0
budget100,guard_adaptive_target_enabled,83,1.0
budget100,guard_adaptive_target_max_queue_bdps,83,0.838461538
budget100,guard_adaptive_target_min_observed,83,1.072769231
budget100,guard_adaptive_target_updates,83,48.0
budget100,guard_fixed_window,83,1.0
budget100,guard_grant_refresh_bdps,83,1.0
budget100,guard_long_acks_suppressed,83,173770.0
budget100,guard_min_share_fraction,83,0.0
budget100,guard_one_rtt_acks_suppressed,83,52496.0
budget100,guard_one_rtt_bypass_enabled,83,1.0
budget100,guard_one_rtt_bypass_feedbacks,83,5742.0
budget100,guard_one_rtt_bypass_flows,83,5742.0
budget100,guard_queue_budget_bdps,83,1.0
budget100,guard_rebalance_events,83,0.0
budget100,guard_remaining_aware,83,1.0
budget100,guard_remaining_exponent,83,1.0
budget100,guard_remaining_refresh_events,83,2345.0
budget100,guard_sender_srpt_enabled,83,1.0
budget100,guard_sender_srpt_forced_rr,83,166.0
budget100,guard_sender_srpt_non_rr,83,45069.0
budget100,guard_sender_srpt_selections,83,257344.0
budget100,guard_srpt_quantum_packets,83,64.0
budget100,guard_tail_bypass_bdps,83,8.0
budget100,guard_tail_bypass_enabled,83,1.0
budget100,guard_tail_bypass_feedbacks,83,14639.0
budget100,guard_tail_bypass_flows,83,349.0
budget100,guard_target_floor,83,0.95
budget100,hpcc_actual_rate_changes,83,5.0
budget100,hpcc_fast_computations,83,0.0
budget100,hpcc_feedback_updates,83,1743.0
budget100,hpcc_full_computations,83,368.0
budget100,hpcc_rate_updates_applied,83,368.0
budget100,hpcc_valid_feedback,83,424.0
budget100,int_hops_after_strip,83,33372.0
budget100,int_hops_before_strip,83,64450.0
budget100,int_records_stripped,83,31078.0
budget100,irn_nacks_generated,83,0.0
budget100,irn_nacks_received,83,0.0
budget100,irn_retransmit_bytes,83,0.0
budget100,irn_retransmit_packets,83,0.0
budget100,le_8KB_fct_us_mean,83,6.997108819345661
budget100,le_8KB_fct_us_p95,83,9.12815
budget100,le_8KB_fct_us_p99,83,9.398
budget100,le_8KB_flow_count,83,4218.0
budget100,le_8KB_slowdown_mean,83,1.010780781170626
budget100,le_8KB_slowdown_p95,83,1.0404915574358353
budget100,le_8KB_slowdown_p99,83,1.0812140779817059
budget100,long_to_small_slowdown_mean_ratio,83,1.8388761789121764
budget100,max_active_flows,83,4.0
budget100,overall_fct_us_mean,83,12.263295846330651
budget100,overall_fct_us_p95,83,16.18
budget100,overall_fct_us_p99,83,167.38070000000099
budget100,overall_flow_count,83,6091.0
budget100,overall_slowdown_mean,83,1.0406421046391419
budget100,overall_slowdown_p95,83,1.1562892502193922
budget100,overall_slowdown_p99,83,1.6162728319533026
budget100,pfc_pause_events,83,0.0
budget100,pfc_resume_events,83,0.0
budget100,proactive_releases,83,349.0
budget100,queue_bytes_max,83,191840.0
budget100,queue_bytes_mean,83,1332.653
budget100,queue_bytes_p95,83,5450.0
budget100,queue_bytes_p99,83,37060.0
budget100,queue_sample_count,83,160000.0
budget100,reactive_binding_rate_changes,83,4.0
budget100,reactive_binding_updates,83,4.0
budget100,recovery_nacks_generated,83,0.0
budget100,recovery_nacks_received,83,0.0
budget100,registrations,83,349.0
budget100,selected_registrations,83,349.0
budget100,tie_binding_rate_changes,83,1.0
budget100,tie_binding_updates,83,292.0
budget100,timeout_recoveries,83,0.0
adaptive_off,1BDP_to_1MB_fct_us_mean,84,49.05650285714286
adaptive_off,1BDP_to_1MB_fct_us_p95,84,138.79690000000008
adaptive_off,1BDP_to_1MB_fct_us_p99,84,203.00637999999972
adaptive_off,1BDP_to_1MB_flow_count,84,175.0
adaptive_off,1BDP_to_1MB_slowdown_mean,84,1.309159292808594
adaptive_off,1BDP_to_1MB_slowdown_p95,84,1.9211081089959723
adaptive_off,1BDP_to_1MB_slowdown_p99,84,2.9972876588121724
adaptive_off,8KB_to_1BDP_fct_us_mean,84,9.345106666666666
adaptive_off,8KB_to_1BDP_fct_us_p95,84,15.012449999999996
adaptive_off,8KB_to_1BDP_fct_us_p99,84,17.96018
adaptive_off,8KB_to_1BDP_flow_count,84,1500.0
adaptive_off,8KB_to_1BDP_slowdown_mean,84,1.0475881915828829
adaptive_off,8KB_to_1BDP_slowdown_p95,84,1.1893397419248684
adaptive_off,8KB_to_1BDP_slowdown_p99,84,1.3989985492512031
adaptive_off,aggregate_goodput_gbps,84,197.97918912950286
adaptive_off,completion_releases,84,0.0
adaptive_off,completion_span_us,84,10084.249
adaptive_off,grant_binding_rate_changes,84,1.0
adaptive_off,grant_binding_updates,84,38.0
adaptive_off,grant_bytes_sent,84,305406.0
adaptive_off,grant_event_rate_changes,84,542.0
adaptive_off,grants_received,84,3249.0
adaptive_off,grants_sent,84,3249.0
adaptive_off,gt_1MB_fct_us_mean,84,233.49675
adaptive_off,gt_1MB_fct_us_p95,84,421.9847
adaptive_off,gt_1MB_fct_us_p99,84,597.94632
adaptive_off,gt_1MB_flow_count,84,84.0
adaptive_off,gt_1MB_slowdown_mean,84,1.7032121092387917
adaptive_off,gt_1MB_slowdown_p95,84,2.9073361204376154
adaptive_off,gt_1MB_slowdown_p99,84,3.7852401244550657
adaptive_off,guard_ack_interval_packets,84,8.0
adaptive_off,guard_adaptive_grant_updates,84,0.0
adaptive_off,guard_adaptive_target_enabled,84,0.0
adaptive_off,guard_adaptive_target_max_queue_bdps,84,0.0
adaptive_off,guard_adaptive_target_min_observed,84,1.71
adaptive_off,guard_adaptive_target_updates,84,0.0
adaptive_off,guard_fixed_window,84,1.0
adaptive_off,guard_grant_refresh_bdps,84,1.0
adaptive_off,guard_long_acks_suppressed,84,171347.0
adaptive_off,guard_min_share_fraction,84,0.0
adaptive_off,guard_one_rtt_acks_suppressed,84,50600.0
adaptive_off,guard_one_rtt_bypass_enabled,84,1.0
adaptive_off,guard_one_rtt_bypass_feedbacks,84,5581.0
adaptive_off,guard_one_rtt_bypass_flows,84,5581.0
adaptive_off,guard_queue_budget_bdps,84,0.5
adaptive_off,guard_rebalance_events,84,0.0
adaptive_off,guard_remaining_aware,84,1.0
adaptive_off,guard_remaining_exponent,84,1.0
adaptive_off,guard_remaining_refresh_events,84,2279.0
adaptive_off,guard_sender_srpt_enabled,84,1.0
adaptive_off,guard_sender_srpt_forced_rr,84,75.0
adaptive_off,guard_sender_srpt_non_rr,84,24357.0
adaptive_off,guard_sender_srpt_selections,84,252529.0
adaptive_off,guard_srpt_quantum_packets,84,64.0
adaptive_off,guard_tail_bypass_bdps,84,8.0
adaptive_off,guard_tail_bypass_enabled,84,1.0
adaptive_off,guard_tail_bypass_feedbacks,84,14218.0
adaptive_off,guard_tail_bypass_flows,84,353.0
adaptive_off,guard_target_floor,84,0.95
adaptive_off,hpcc_actual_rate_changes,84,75.0
adaptive_off,hpcc_fast_computations,84,0.0
adaptive_off,hpcc_feedback_updates,84,1573.0
adaptive_off,hpcc_full_computations,84,385.0
adaptive_off,hpcc_rate_updates_applied,84,385.0
adaptive_off,hpcc_valid_feedback,84,445.0
adaptive_off,int_hops_after_strip,84,33228.0
adaptive_off,int_hops_before_strip,84,63810.0
adaptive_off,int_records_stripped,84,30582.0
adaptive_off,irn_nacks_generated,84,0.0
adaptive_off,irn_nacks_received,84,0.0
adaptive_off,irn_retransmit_bytes,84,0.0
adaptive_off,irn_retransmit_packets,84,0.0
adaptive_off,le_8KB_fct_us_mean,84,6.934792335329342
adaptive_off,le_8KB_fct_us_p95,84,9.1413
adaptive_off,le_8KB_fct_us_p99,84,9.43252
adaptive_off,le_8KB_flow_count,84,4175.0
adaptive_off,le_8KB_slowdown_mean,84,1.01092695128734
adaptive_off,le_8KB_slowdown_p95,84,1.0401750821337572
adaptive_off,le_8KB_slowdown_p99,84,1.0875186009827598
adaptive_off,long_to_small_slowdown_mean_ratio,84,1.6848023559663516
adaptive_off,max_active_flows,84,4.0
adaptive_off,overall_fct_us_mean,84,11.993433265925177
adaptive_off,overall_fct_us_p95,84,16.03135000000001
adaptive_off,overall_fct_us_p99,84,185.3656600000001
adaptive_off,overall_flow_count,84,5934.0
adaptive_off,overall_slowdown_mean,84,1.0387891813981347
adaptive_off,overall_slowdown_p95,84,1.1516870181459389
adaptive_off,overall_slowdown_p99,84,1.584551578669756
adaptive_off,pfc_pause_events,84,0.0
adaptive_off,pfc_resume_events,84,0.0
adaptive_off,proactive_releases,84,353.0
adaptive_off,queue_bytes_max,84,235769.0
adaptive_off,queue_bytes_mean,84,2485.688
adaptive_off,queue_bytes_p95,84,6540.0
adaptive_off,queue_bytes_p99,84,97010.0
adaptive_off,queue_sample_count,84,160000.0
adaptive_off,reactive_binding_rate_changes,84,70.0
adaptive_off,reactive_binding_updates,84,70.0
adaptive_off,recovery_nacks_generated,84,0.0
adaptive_off,recovery_nacks_received,84,0.0
adaptive_off,registrations,84,353.0
adaptive_off,selected_registrations,84,353.0
adaptive_off,tie_binding_rate_changes,84,4.0
adaptive_off,tie_binding_updates,84,277.0
adaptive_off,timeout_recoveries,84,0.0
budget025,1BDP_to_1MB_fct_us_mean,84,48.35385714285714
budget025,1BDP_to_1MB_fct_us_p95,84,133.42620000000005
budget025,1BDP_to_1MB_fct_us_p99,84,196.94607999999968
budget025,1BDP_to_1MB_flow_count,84,175.0
budget025,1BDP_to_1MB_slowdown_mean,84,1.297530202219277
budget025,1BDP_to_1MB_slowdown_p95,84,1.8672230191163033
budget025,1BDP_to_1MB_slowdown_p99,84,2.968920005257595
budget025,8KB_to_1BDP_fct_us_mean,84,9.343198000000001
budget025,8KB_to_1BDP_fct_us_p95,84,15.009149999999998
budget025,8KB_to_1BDP_fct_us_p99,84,17.88989
budget025,8KB_to_1BDP_flow_count,84,1500.0
budget025,8KB_to_1BDP_slowdown_mean,84,1.0474097687595387
budget025,8KB_to_1BDP_slowdown_p95,84,1.1827218567265347
budget025,8KB_to_1BDP_slowdown_p99,84,1.3918895429247506
budget025,aggregate_goodput_gbps,84,197.99053737473187
budget025,completion_releases,84,0.0
budget025,completion_span_us,84,10083.671
budget025,grant_binding_rate_changes,84,1.0
budget025,grant_binding_updates,84,36.0
budget025,grant_bytes_sent,84,303714.0
budget025,grant_event_rate_changes,84,528.0
budget025,grants_received,84,3231.0
budget025,grants_sent,84,3231.0
budget025,gt_1MB_fct_us_mean,84,233.75822619047617
budget025,gt_1MB_fct_us_p95,84,423.5075499999999
budget025,gt_1MB_fct_us_p99,84,608.8634200000001
budget025,gt_1MB_flow_count,84,84.0
budget025,gt_1MB_slowdown_mean,84,1.706197302350801
budget025,gt_1MB_slowdown_p95,84,2.980905026821679
budget025,gt_1MB_slowdown_p99,84,3.7968859282203127
budget025,guard_ack_interval_packets,84,8.0
budget025,guard_adaptive_grant_updates,84,0.0
budget025,guard_adaptive_target_enabled,84,1.0
budget025,guard_adaptive_target_max_queue_bdps,84,1.865384615
budget025,guard_adaptive_target_min_observed,84,0.95
budget025,guard_adaptive_target_updates,84,125.0
budget025,guard_fixed_window,84,1.0
budget025,guard_grant_refresh_bdps,84,1.0
budget025,guard_long_acks_suppressed,84,171347.0
budget025,guard_min_share_fraction,84,0.0
budget025,guard_one_rtt_acks_suppressed,84,50600.0
budget025,guard_one_rtt_bypass_enabled,84,1.0
budget025,guard_one_rtt_bypass_feedbacks,84,5581.0
budget025,guard_one_rtt_bypass_flows,84,5581.0
budget025,guard_queue_budget_bdps,84,0.25
budget025,guard_rebalance_events,84,0.0
budget025,guard_remaining_aware,84,1.0
budget025,guard_remaining_exponent,84,1.0
budget025,guard_remaining_refresh_events,84,2277.0
budget025,guard_sender_srpt_enabled,84,1.0
budget025,guard_sender_srpt_forced_rr,84,72.0
budget025,guard_sender_srpt_non_rr,84,24975.0
budget025,guard_sender_srpt_selections,84,252529.0
budget025,guard_srpt_quantum_packets,84,64.0
budget025,guard_tail_bypass_bdps,84,8.0
budget025,guard_tail_bypass_enabled,84,1.0
budget025,guard_tail_bypass_feedbacks,84,14212.0
budget025,guard_tail_bypass_flows,84,353.0
budget025,guard_target_floor,84,0.95
budget025,hpcc_actual_rate_changes,84,105.0
budget025,hpcc_fast_computations,84,0.0
budget025,hpcc_feedback_updates,84,1608.0
budget025,hpcc_full_computations,84,426.0
budget025,hpcc_rate_updates_applied,84,426.0
budget025,hpcc_valid_feedback,84,486.0
budget025,int_hops_after_strip,84,33228.0
budget025,int_hops_before_strip,84,63810.0
budget025,int_records_stripped,84,30582.0
budget025,irn_nacks_generated,84,0.0
budget025,irn_nacks_received,84,0.0
budget025,irn_retransmit_bytes,84,0.0
budget025,irn_retransmit_packets,84,0.0
budget025,le_8KB_fct_us_mean,84,6.935196407185629
budget025,le_8KB_fct_us_p95,84,9.137900000000002
budget025,le_8KB_fct_us_p99,84,9.434
budget025,le_8KB_flow_count,84,4175.0
budget025,le_8KB_slowdown_mean,84,1.0110110631889484
budget025,le_8KB_slowdown_p95,84,1.0401155327342746
budget025,le_8KB_slowdown_p99,84,1.0872472180394974
budget025,long_to_small_slowdown_mean_ratio,84,1.6876148683962808
budget025,max_active_flows,84,4.0
budget025,overall_fct_us_mean,84,11.976214694978092
budget025,overall_fct_us_p95,84,15.858200000000048
budget025,overall_fct_us_p99,84,184.41616000000005
budget025,overall_flow_count,84,5934.0
budget025,overall_slowdown_mean,84,1.0385025616344807
budget025,overall_slowdown_p95,84,1.1502394470633444
budget025,overall_slowdown_p99,84,1.5831728365442834
budget025,pfc_pause_events,84,0.0
budget025,pfc_resume_events,84,0.0
budget025,proactive_releases,84,353.0
budget025,queue_bytes_max,84,234679.0
budget025,queue_bytes_mean,84,2120.749
budget025,queue_bytes_p95,84,5450.0
budget025,queue_bytes_p99,84,70850.0
budget025,queue_sample_count,84,160000.0
budget025,reactive_binding_rate_changes,84,92.0
budget025,reactive_binding_updates,84,92.0
budget025,recovery_nacks_generated,84,0.0
budget025,recovery_nacks_received,84,0.0
budget025,registrations,84,353.0
budget025,selected_registrations,84,353.0
budget025,tie_binding_rate_changes,84,12.0
budget025,tie_binding_updates,84,298.0
budget025,timeout_recoveries,84,0.0
budget050,1BDP_to_1MB_fct_us_mean,84,48.384319999999995
budget050,1BDP_to_1MB_fct_us_p95,84,134.22120000000004
budget050,1BDP_to_1MB_fct_us_p99,84,197.03783999999968
budget050,1BDP_to_1MB_flow_count,84,175.0
budget050,1BDP_to_1MB_slowdown_mean,84,1.2982096065903839
budget050,1BDP_to_1MB_slowdown_p95,84,1.8672230191163033
budget050,1BDP_to_1MB_slowdown_p99,84,2.968920005257595
budget050,8KB_to_1BDP_fct_us_mean,84,9.343332666666667
budget050,8KB_to_1BDP_fct_us_p95,84,14.99945
budget050,8KB_to_1BDP_fct_us_p99,84,17.88989
budget050,8KB_to_1BDP_flow_count,84,1500.0
budget050,8KB_to_1BDP_slowdown_mean,84,1.047409673408225
budget050,8KB_to_1BDP_slowdown_p95,84,1.1866535005790648
budget050,8KB_to_1BDP_slowdown_p99,84,1.3918895429247506
budget050,aggregate_goodput_gbps,84,197.97918912950286
budget050,completion_releases,84,0.0
budget050,completion_span_us,84,10084.249
budget050,grant_binding_rate_changes,84,1.0
budget050,grant_binding_updates,84,36.0
budget050,grant_bytes_sent,84,303432.0
budget050,grant_event_rate_changes,84,527.0
budget050,grants_received,84,3228.0
budget050,grants_sent,84,3228.0
budget050,gt_1MB_fct_us_mean,84,233.1152380952381
budget050,gt_1MB_fct_us_p95,84,422.2815999999999
budget050,gt_1MB_fct_us_p99,84,603.41285
budget050,gt_1MB_flow_count,84,84.0
budget050,gt_1MB_slowdown_mean,84,1.7014367797480257
budget050,gt_1MB_slowdown_p95,84,2.969008471727298
budget050,gt_1MB_slowdown_p99,84,3.782358627499291
budget050,guard_ack_interval_packets,84,8.0
budget050,guard_adaptive_grant_updates,84,0.0
budget050,guard_adaptive_target_enabled,84,1.0
budget050,guard_adaptive_target_max_queue_bdps,84,1.886153846
budget050,guard_adaptive_target_min_observed,84,0.95
budget050,guard_adaptive_target_updates,84,131.0
budget050,guard_fixed_window,84,1.0
budget050,guard_grant_refresh_bdps,84,1.0
budget050,guard_long_acks_suppressed,84,171347.0
budget050,guard_min_share_fraction,84,0.0
budget050,guard_one_rtt_acks_suppressed,84,50600.0
budget050,guard_one_rtt_bypass_enabled,84,1.0
budget050,guard_one_rtt_bypass_feedbacks,84,5581.0
budget050,guard_one_rtt_bypass_flows,84,5581.0
budget050,guard_queue_budget_bdps,84,0.5
budget050,guard_rebalance_events,84,0.0
budget050,guard_remaining_aware,84,1.0
budget050,guard_remaining_exponent,84,1.0
budget050,guard_remaining_refresh_events,84,2278.0
budget050,guard_sender_srpt_enabled,84,1.0
budget050,guard_sender_srpt_forced_rr,84,71.0
budget050,guard_sender_srpt_non_rr,84,24972.0
budget050,guard_sender_srpt_selections,84,252529.0
budget050,guard_srpt_quantum_packets,84,64.0
budget050,guard_tail_bypass_bdps,84,8.0
budget050,guard_tail_bypass_enabled,84,1.0
budget050,guard_tail_bypass_feedbacks,84,14217.0
budget050,guard_tail_bypass_flows,84,353.0
budget050,guard_target_floor,84,0.95
budget050,hpcc_actual_rate_changes,84,101.0
budget050,hpcc_fast_computations,84,0.0
budget050,hpcc_feedback_updates,84,1605.0
budget050,hpcc_full_computations,84,425.0
budget050,hpcc_rate_updates_applied,84,425.0
budget050,hpcc_valid_feedback,84,485.0
budget050,int_hops_after_strip,84,33228.0
budget050,int_hops_before_strip,84,63810.0
budget050,int_records_stripped,84,30582.0
budget050,irn_nacks_generated,84,0.0
budget050,irn_nacks_received,84,0.0
budget050,irn_retransmit_bytes,84,0.0
budget050,irn_retransmit_packets,84,0.0
budget050,le_8KB_fct_us_mean,84,6.93494634730539
budget050,le_8KB_fct_us_p95,84,9.137900000000002
budget050,le_8KB_fct_us_p99,84,9.43978
budget050,le_8KB_flow_count,84,4175.0
budget050,le_8KB_slowdown_mean,84,1.010964502943904
budget050,le_8KB_slowdown_p95,84,1.0399200460581348
budget050,le_8KB_slowdown_p99,84,1.0868216170254368
budget050,long_to_small_slowdown_mean_ratio,84,1.6829837000146723
budget050,max_active_flows,84,4.0
budget050,overall_fct_us_mean,84,11.967869228176609
budget050,overall_fct_us_p95,84,15.875750000000039
budget050,overall_fct_us_p99,84,184.18747000000008
budget050,overall_flow_count,84,5934.0
budget050,overall_slowdown_mean,84,1.0384224267872073
budget050,overall_slowdown_p95,84,1.1506985070798879
budget050,overall_slowdown_p99,84,1.5757395107264678
budget050,pfc_pause_events,84,0.0
budget050,pfc_resume_events,84,0.0
budget050,proactive_releases,84,353.0
budget050,queue_bytes_max,84,229990.0
budget050,queue_bytes_mean,84,2116.636
budget050,queue_bytes_p95,84,5450.0
budget050,queue_bytes_p99,84,69760.0
budget050,queue_sample_count,84,160000.0
budget050,reactive_binding_rate_changes,84,89.0
budget050,reactive_binding_updates,84,89.0
budget050,recovery_nacks_generated,84,0.0
budget050,recovery_nacks_received,84,0.0
budget050,registrations,84,353.0
budget050,selected_registrations,84,353.0
budget050,tie_binding_rate_changes,84,11.0
budget050,tie_binding_updates,84,300.0
budget050,timeout_recoveries,84,0.0
budget100,1BDP_to_1MB_fct_us_mean,84,48.48184
budget100,1BDP_to_1MB_fct_us_p95,84,134.66500000000002
budget100,1BDP_to_1MB_fct_us_p99,84,197.07283999999967
budget100,1BDP_to_1MB_flow_count,84,175.0
budget100,1BDP_to_1MB_slowdown_mean,84,1.3012242215287764
budget100,1BDP_to_1MB_slowdown_p95,84,1.8672230191163033
budget100,1BDP_to_1MB_slowdown_p99,84,2.969247529980021
budget100,8KB_to_1BDP_fct_us_mean,84,9.342335333333335
budget100,8KB_to_1BDP_fct_us_p95,84,15.009149999999998
budget100,8KB_to_1BDP_fct_us_p99,84,17.88989
budget100,8KB_to_1BDP_flow_count,84,1500.0
budget100,8KB_to_1BDP_slowdown_mean,84,1.047298726190637
budget100,8KB_to_1BDP_slowdown_p95,84,1.1866535005790648
budget100,8KB_to_1BDP_slowdown_p99,84,1.3919694922637833
budget100,aggregate_goodput_gbps,84,197.97918912950286
budget100,completion_releases,84,0.0
budget100,completion_span_us,84,10084.249
budget100,grant_binding_rate_changes,84,1.0
budget100,grant_binding_updates,84,36.0
budget100,grant_bytes_sent,84,303526.0
budget100,grant_event_rate_changes,84,530.0
budget100,grants_received,84,3229.0
budget100,grants_sent,84,3229.0
budget100,gt_1MB_fct_us_mean,84,233.14561904761905
budget100,gt_1MB_fct_us_p95,84,417.95579999999995
budget100,gt_1MB_fct_us_p99,84,604.3517200000001
budget100,gt_1MB_flow_count,84,84.0
budget100,gt_1MB_slowdown_mean,84,1.7018322745426242
budget100,gt_1MB_slowdown_p95,84,2.977050277126293
budget100,gt_1MB_slowdown_p99,84,3.7737765484610355
budget100,guard_ack_interval_packets,84,8.0
budget100,guard_adaptive_grant_updates,84,0.0
budget100,guard_adaptive_target_enabled,84,1.0
budget100,guard_adaptive_target_max_queue_bdps,84,1.854615385
budget100,guard_adaptive_target_min_observed,84,0.95
budget100,guard_adaptive_target_updates,84,130.0
budget100,guard_fixed_window,84,1.0
budget100,guard_grant_refresh_bdps,84,1.0
budget100,guard_long_acks_suppressed,84,171347.0
budget100,guard_min_share_fraction,84,0.0
budget100,guard_one_rtt_acks_suppressed,84,50600.0
budget100,guard_one_rtt_bypass_enabled,84,1.0
budget100,guard_one_rtt_bypass_feedbacks,84,5581.0
budget100,guard_one_rtt_bypass_flows,84,5581.0
budget100,guard_queue_budget_bdps,84,1.0
budget100,guard_rebalance_events,84,0.0
budget100,guard_remaining_aware,84,1.0
budget100,guard_remaining_exponent,84,1.0
budget100,guard_remaining_refresh_events,84,2278.0
budget100,guard_sender_srpt_enabled,84,1.0
budget100,guard_sender_srpt_forced_rr,84,74.0
budget100,guard_sender_srpt_non_rr,84,24827.0
budget100,guard_sender_srpt_selections,84,252529.0
budget100,guard_srpt_quantum_packets,84,64.0
budget100,guard_tail_bypass_bdps,84,8.0
budget100,guard_tail_bypass_enabled,84,1.0
budget100,guard_tail_bypass_feedbacks,84,14216.0
budget100,guard_tail_bypass_flows,84,353.0
budget100,guard_target_floor,84,0.95
budget100,hpcc_actual_rate_changes,84,95.0
budget100,hpcc_fast_computations,84,0.0
budget100,hpcc_feedback_updates,84,1597.0
budget100,hpcc_full_computations,84,418.0
budget100,hpcc_rate_updates_applied,84,418.0
budget100,hpcc_valid_feedback,84,478.0
budget100,int_hops_after_strip,84,33228.0
budget100,int_hops_before_strip,84,63810.0
budget100,int_records_stripped,84,30582.0
budget100,irn_nacks_generated,84,0.0
budget100,irn_nacks_received,84,0.0
budget100,irn_retransmit_bytes,84,0.0
budget100,irn_retransmit_packets,84,0.0
budget100,le_8KB_fct_us_mean,84,6.935058682634731
budget100,le_8KB_fct_us_p95,84,9.1383
budget100,le_8KB_fct_us_p99,84,9.425120000000003
budget100,le_8KB_flow_count,84,4175.0
budget100,le_8KB_slowdown_mean,84,1.010972811496297
budget100,le_8KB_slowdown_p95,84,1.0411146806688185
budget100,le_8KB_slowdown_p99,84,1.0872472180394974
budget100,long_to_small_slowdown_mean_ratio,84,1.683361070832178
budget100,max_active_flows,84,4.0
budget100,overall_fct_us_mean,84,11.971002190765082
budget100,overall_fct_us_p95,84,15.880300000000036
budget100,overall_fct_us_p99,84,184.18747000000008
budget100,overall_flow_count,84,5934.0
budget100,overall_slowdown_mean,84,1.0384947298807063
budget100,overall_slowdown_p95,84,1.1506985070798879
budget100,overall_slowdown_p99,84,1.5830962583624353
budget100,pfc_pause_events,84,0.0
budget100,pfc_resume_events,84,0.0
budget100,proactive_releases,84,353.0
budget100,queue_bytes_max,84,248849.0
budget100,queue_bytes_mean,84,2182.1
budget100,queue_bytes_p95,84,5551.0
budget100,queue_bytes_p99,84,74120.0
budget100,queue_sample_count,84,160000.0
budget100,reactive_binding_rate_changes,84,84.0
budget100,reactive_binding_updates,84,84.0
budget100,recovery_nacks_generated,84,0.0
budget100,recovery_nacks_received,84,0.0
budget100,registrations,84,353.0
budget100,selected_registrations,84,353.0
budget100,tie_binding_rate_changes,84,10.0
budget100,tie_binding_updates,84,298.0
budget100,timeout_recoveries,84,0.0
adaptive_off,1BDP_to_1MB_fct_us_mean,85,50.384095238095234
adaptive_off,1BDP_to_1MB_fct_us_p95,85,127.20380000000009
adaptive_off,1BDP_to_1MB_fct_us_p99,85,210.96842999999996
adaptive_off,1BDP_to_1MB_flow_count,85,210.0
adaptive_off,1BDP_to_1MB_slowdown_mean,85,1.325880318815716
adaptive_off,1BDP_to_1MB_slowdown_p95,85,2.3188502465022798
adaptive_off,1BDP_to_1MB_slowdown_p99,85,2.7748424194035586
adaptive_off,8KB_to_1BDP_fct_us_mean,85,9.338042091836734
adaptive_off,8KB_to_1BDP_fct_us_p95,85,15.8926
adaptive_off,8KB_to_1BDP_fct_us_p99,85,18.59596999999999
adaptive_off,8KB_to_1BDP_flow_count,85,1568.0
adaptive_off,8KB_to_1BDP_slowdown_mean,85,1.0468980036458053
adaptive_off,8KB_to_1BDP_slowdown_p95,85,1.1929592297522833
adaptive_off,8KB_to_1BDP_slowdown_p99,85,1.406629553677664
adaptive_off,aggregate_goodput_gbps,85,188.35453971668375
adaptive_off,completion_releases,85,0.0
adaptive_off,completion_span_us,85,10086.114
adaptive_off,grant_binding_rate_changes,85,1.0
adaptive_off,grant_binding_updates,85,78.0
adaptive_off,grant_bytes_sent,85,280496.0
adaptive_off,grant_event_rate_changes,85,741.0
adaptive_off,grants_received,85,2984.0
adaptive_off,grants_sent,85,2984.0
adaptive_off,gt_1MB_fct_us_mean,85,274.5822205882353
adaptive_off,gt_1MB_fct_us_p95,85,612.5919999999999
adaptive_off,gt_1MB_fct_us_p99,85,991.9268799999999
adaptive_off,gt_1MB_flow_count,85,68.0
adaptive_off,gt_1MB_slowdown_mean,85,2.0089439423388042
adaptive_off,gt_1MB_slowdown_p95,85,3.6286963744554708
adaptive_off,gt_1MB_slowdown_p99,85,5.944753462774187
adaptive_off,guard_ack_interval_packets,85,8.0
adaptive_off,guard_adaptive_grant_updates,85,0.0
adaptive_off,guard_adaptive_target_enabled,85,0.0
adaptive_off,guard_adaptive_target_max_queue_bdps,85,0.0
adaptive_off,guard_adaptive_target_min_observed,85,1.71
adaptive_off,guard_adaptive_target_updates,85,0.0
adaptive_off,guard_fixed_window,85,1.0
adaptive_off,guard_grant_refresh_bdps,85,1.0
adaptive_off,guard_long_acks_suppressed,85,157847.0
adaptive_off,guard_min_share_fraction,85,0.0
adaptive_off,guard_one_rtt_acks_suppressed,85,53876.0
adaptive_off,guard_one_rtt_bypass_enabled,85,1.0
adaptive_off,guard_one_rtt_bypass_feedbacks,85,5693.0
adaptive_off,guard_one_rtt_bypass_flows,85,5693.0
adaptive_off,guard_queue_budget_bdps,85,0.5
adaptive_off,guard_rebalance_events,85,0.0
adaptive_off,guard_remaining_aware,85,1.0
adaptive_off,guard_remaining_exponent,85,1.0
adaptive_off,guard_remaining_refresh_events,85,1942.0
adaptive_off,guard_sender_srpt_enabled,85,1.0
adaptive_off,guard_sender_srpt_forced_rr,85,99.0
adaptive_off,guard_sender_srpt_non_rr,85,31238.0
adaptive_off,guard_sender_srpt_selections,85,240498.0
adaptive_off,guard_srpt_quantum_packets,85,64.0
adaptive_off,guard_tail_bypass_bdps,85,8.0
adaptive_off,guard_tail_bypass_enabled,85,1.0
adaptive_off,guard_tail_bypass_feedbacks,85,14705.0
adaptive_off,guard_tail_bypass_flows,85,359.0
adaptive_off,guard_target_floor,85,0.95
adaptive_off,hpcc_actual_rate_changes,85,58.0
adaptive_off,hpcc_fast_computations,85,0.0
adaptive_off,hpcc_feedback_updates,85,1287.0
adaptive_off,hpcc_full_computations,85,365.0
adaptive_off,hpcc_rate_updates_applied,85,365.0
adaptive_off,hpcc_valid_feedback,85,425.0
adaptive_off,int_hops_after_strip,85,34338.0
adaptive_off,int_hops_before_strip,85,63113.0
adaptive_off,int_records_stripped,85,28775.0
adaptive_off,irn_nacks_generated,85,0.0
adaptive_off,irn_nacks_received,85,0.0
adaptive_off,irn_retransmit_bytes,85,0.0
adaptive_off,irn_retransmit_packets,85,0.0
adaptive_off,le_8KB_fct_us_mean,85,6.9964094151212555
adaptive_off,le_8KB_fct_us_p95,85,9.11575
adaptive_off,le_8KB_fct_us_p99,85,9.3646
adaptive_off,le_8KB_flow_count,85,4206.0
adaptive_off,le_8KB_slowdown_mean,85,1.0099393861829842
adaptive_off,le_8KB_slowdown_p95,85,1.036629109794889
adaptive_off,le_8KB_slowdown_p99,85,1.078170256259537
adaptive_off,long_to_small_slowdown_mean_ratio,85,1.9891727858357007
adaptive_off,max_active_flows,85,4.0
adaptive_off,overall_fct_us_mean,85,12.115201421017844
adaptive_off,overall_fct_us_p95,85,17.028749999999995
adaptive_off,overall_fct_us_p99,85,159.73725999999976
adaptive_off,overall_flow_count,85,6052.0
adaptive_off,overall_slowdown_mean,85,1.041702607903601
adaptive_off,overall_slowdown_p95,85,1.144242844606985
adaptive_off,overall_slowdown_p99,85,1.728892633215037
adaptive_off,pfc_pause_events,85,0.0
adaptive_off,pfc_resume_events,85,0.0
adaptive_off,proactive_releases,85,359.0
adaptive_off,queue_bytes_max,85,333540.0
adaptive_off,queue_bytes_mean,85,2994.971
adaptive_off,queue_bytes_p95,85,7630.0
adaptive_off,queue_bytes_p99,85,102460.0
adaptive_off,queue_sample_count,85,160000.0
adaptive_off,reactive_binding_rate_changes,85,52.0
adaptive_off,reactive_binding_updates,85,52.0
adaptive_off,recovery_nacks_generated,85,0.0
adaptive_off,recovery_nacks_received,85,0.0
adaptive_off,registrations,85,359.0
adaptive_off,selected_registrations,85,359.0
adaptive_off,tie_binding_rate_changes,85,5.0
adaptive_off,tie_binding_updates,85,235.0
adaptive_off,timeout_recoveries,85,0.0
budget025,1BDP_to_1MB_fct_us_mean,85,50.29552857142857
budget025,1BDP_to_1MB_fct_us_p95,85,127.23760000000009
budget025,1BDP_to_1MB_fct_us_p99,85,211.66792999999998
budget025,1BDP_to_1MB_flow_count,85,210.0
budget025,1BDP_to_1MB_slowdown_mean,85,1.3283517007123324
budget025,1BDP_to_1MB_slowdown_p95,85,2.257712350624913
budget025,1BDP_to_1MB_slowdown_p99,85,2.7748424194035586
budget025,8KB_to_1BDP_fct_us_mean,85,9.339942602040816
budget025,8KB_to_1BDP_fct_us_p95,85,15.8826
budget025,8KB_to_1BDP_fct_us_p99,85,18.595639999999992
budget025,8KB_to_1BDP_flow_count,85,1568.0
budget025,8KB_to_1BDP_slowdown_mean,85,1.047053886490098
budget025,8KB_to_1BDP_slowdown_p95,85,1.19062401203724
budget025,8KB_to_1BDP_slowdown_p99,85,1.4052528413488967
budget025,aggregate_goodput_gbps,85,188.35453971668375
budget025,completion_releases,85,0.0
budget025,completion_span_us,85,10086.114
budget025,grant_binding_rate_changes,85,2.0
budget025,grant_binding_updates,85,79.0
budget025,grant_bytes_sent,85,281530.0
budget025,grant_event_rate_changes,85,761.0
budget025,grants_received,85,2995.0
budget025,grants_sent,85,2995.0
budget025,gt_1MB_fct_us_mean,85,278.2410882352941
budget025,gt_1MB_fct_us_p95,85,721.7270999999998
budget025,gt_1MB_fct_us_p99,85,994.0891599999998
budget025,gt_1MB_flow_count,85,68.0
budget025,gt_1MB_slowdown_mean,85,2.020626839181907
budget025,gt_1MB_slowdown_p95,85,4.191189594908714
budget025,gt_1MB_slowdown_p99,85,5.957702469750249
budget025,guard_ack_interval_packets,85,8.0
budget025,guard_adaptive_grant_updates,85,0.0
budget025,guard_adaptive_target_enabled,85,1.0
budget025,guard_adaptive_target_max_queue_bdps,85,1.896923077
budget025,guard_adaptive_target_min_observed,85,0.95
budget025,guard_adaptive_target_updates,85,127.0
budget025,guard_fixed_window,85,1.0
budget025,guard_grant_refresh_bdps,85,1.0
budget025,guard_long_acks_suppressed,85,157847.0
budget025,guard_min_share_fraction,85,0.0
budget025,guard_one_rtt_acks_suppressed,85,53876.0
budget025,guard_one_rtt_bypass_enabled,85,1.0
budget025,guard_one_rtt_bypass_feedbacks,85,5693.0
budget025,guard_one_rtt_bypass_flows,85,5693.0
budget025,guard_queue_budget_bdps,85,0.25
budget025,guard_rebalance_events,85,0.0
budget025,guard_remaining_aware,85,1.0
budget025,guard_remaining_exponent,85,1.0
budget025,guard_remaining_refresh_events,85,1943.0
budget025,guard_sender_srpt_enabled,85,1.0
budget025,guard_sender_srpt_forced_rr,85,118.0
budget025,guard_sender_srpt_non_rr,85,33120.0
budget025,guard_sender_srpt_selections,85,240498.0
budget025,guard_srpt_quantum_packets,85,64.0
budget025,guard_tail_bypass_bdps,85,8.0
budget025,guard_tail_bypass_enabled,85,1.0
budget025,guard_tail_bypass_feedbacks,85,14706.0
budget025,guard_tail_bypass_flows,85,359.0
budget025,guard_target_floor,85,0.95
budget025,hpcc_actual_rate_changes,85,95.0
budget025,hpcc_fast_computations,85,0.0
budget025,hpcc_feedback_updates,85,1321.0
budget025,hpcc_full_computations,85,395.0
budget025,hpcc_rate_updates_applied,85,395.0
budget025,hpcc_valid_feedback,85,455.0
budget025,int_hops_after_strip,85,34338.0
budget025,int_hops_before_strip,85,63113.0
budget025,int_records_stripped,85,28775.0
budget025,irn_nacks_generated,85,0.0
budget025,irn_nacks_received,85,0.0
budget025,irn_retransmit_bytes,85,0.0
budget025,irn_retransmit_packets,85,0.0
budget025,le_8KB_fct_us_mean,85,6.996177127912506
budget025,le_8KB_fct_us_p95,85,9.12075
budget025,le_8KB_fct_us_p99,85,9.368799999999998
budget025,le_8KB_flow_count,85,4206.0
budget025,le_8KB_slowdown_mean,85,1.0099095250682733
budget025,le_8KB_slowdown_p95,85,1.0367917166168827
budget025,le_8KB_slowdown_p99,85,1.0786177362406957
budget025,long_to_small_slowdown_mean_ratio,85,2.000799862785041
budget025,max_active_flows,85,4.0
budget025,overall_fct_us_mean,85,12.15357005948447
budget025,overall_fct_us_p95,85,17.028749999999995
budget025,overall_fct_us_p99,85,159.73627999999974
budget025,overall_flow_count,85,6052.0
budget025,overall_slowdown_mean,85,1.0419392661380684
budget025,overall_slowdown_p95,85,1.144242844606985
budget025,overall_slowdown_p99,85,1.7297380628987757
budget025,pfc_pause_events,85,0.0
budget025,pfc_resume_events,85,0.0
budget025,proactive_releases,85,359.0
budget025,queue_bytes_max,85,333540.0
budget025,queue_bytes_mean,85,2596.123
budget025,queue_bytes_p95,85,7630.0
budget025,queue_bytes_p99,85,82072.0
budget025,queue_sample_count,85,160000.0
budget025,reactive_binding_rate_changes,85,82.0
budget025,reactive_binding_updates,85,82.0
budget025,recovery_nacks_generated,85,0.0
budget025,recovery_nacks_received,85,0.0
budget025,registrations,85,359.0
budget025,selected_registrations,85,359.0
budget025,tie_binding_rate_changes,85,11.0
budget025,tie_binding_updates,85,234.0
budget025,timeout_recoveries,85,0.0
budget050,1BDP_to_1MB_fct_us_mean,85,49.883761904761904
budget050,1BDP_to_1MB_fct_us_p95,85,127.22990000000007
budget050,1BDP_to_1MB_fct_us_p99,85,211.16700999999998
budget050,1BDP_to_1MB_flow_count,85,210.0
budget050,1BDP_to_1MB_slowdown_mean,85,1.3191580164145518
budget050,1BDP_to_1MB_slowdown_p95,85,2.2029798534026965
budget050,1BDP_to_1MB_slowdown_p99,85,2.7748424194035586
budget050,8KB_to_1BDP_fct_us_mean,85,9.340890306122448
budget050,8KB_to_1BDP_fct_us_p95,85,15.8826
budget050,8KB_to_1BDP_fct_us_p99,85,18.595639999999992
budget050,8KB_to_1BDP_flow_count,85,1568.0
budget050,8KB_to_1BDP_slowdown_mean,85,1.0471838833201392
budget050,8KB_to_1BDP_slowdown_p95,85,1.1929592297522833
budget050,8KB_to_1BDP_slowdown_p99,85,1.4204083916894517
budget050,aggregate_goodput_gbps,85,188.35453971668375
budget050,completion_releases,85,0.0
budget050,completion_span_us,85,10086.114
budget050,grant_binding_rate_changes,85,2.0
budget050,grant_binding_updates,85,78.0
budget050,grant_bytes_sent,85,280402.0
budget050,grant_event_rate_changes,85,741.0
budget050,grants_received,85,2983.0
budget050,grants_sent,85,2983.0
budget050,gt_1MB_fct_us_mean,85,277.6586911764706
budget050,gt_1MB_fct_us_p95,85,629.00425
budget050,gt_1MB_fct_us_p99,85,994.0891599999998
budget050,gt_1MB_flow_count,85,68.0
budget050,gt_1MB_slowdown_mean,85,2.0188957275204533
budget050,gt_1MB_slowdown_p95,85,3.793673351953812
budget050,gt_1MB_slowdown_p99,85,5.957702469750249
budget050,guard_ack_interval_packets,85,8.0
budget050,guard_adaptive_grant_updates,85,0.0
budget050,guard_adaptive_target_enabled,85,1.0
budget050,guard_adaptive_target_max_queue_bdps,85,1.97
budget050,guard_adaptive_target_min_observed,85,0.95
budget050,guard_adaptive_target_updates,85,124.0
budget050,guard_fixed_window,85,1.0
budget050,guard_grant_refresh_bdps,85,1.0
budget050,guard_long_acks_suppressed,85,157847.0
budget050,guard_min_share_fraction,85,0.0
budget050,guard_one_rtt_acks_suppressed,85,53876.0
budget050,guard_one_rtt_bypass_enabled,85,1.0
budget050,guard_one_rtt_bypass_feedbacks,85,5693.0
budget050,guard_one_rtt_bypass_flows,85,5693.0
budget050,guard_queue_budget_bdps,85,0.5
budget050,guard_rebalance_events,85,0.0
budget050,guard_remaining_aware,85,1.0
budget050,guard_remaining_exponent,85,1.0
budget050,guard_remaining_refresh_events,85,1943.0
budget050,guard_sender_srpt_enabled,85,1.0
budget050,guard_sender_srpt_forced_rr,85,123.0
budget050,guard_sender_srpt_non_rr,85,32797.0
budget050,guard_sender_srpt_selections,85,240498.0
budget050,guard_srpt_quantum_packets,85,64.0
budget050,guard_tail_bypass_bdps,85,8.0
budget050,guard_tail_bypass_enabled,85,1.0
budget050,guard_tail_bypass_feedbacks,85,14708.0
budget050,guard_tail_bypass_flows,85,359.0
budget050,guard_target_floor,85,0.95
budget050,hpcc_actual_rate_changes,85,89.0
budget050,hpcc_fast_computations,85,0.0
budget050,hpcc_feedback_updates,85,1317.0
budget050,hpcc_full_computations,85,392.0
budget050,hpcc_rate_updates_applied,85,392.0
budget050,hpcc_valid_feedback,85,452.0
budget050,int_hops_after_strip,85,34338.0
budget050,int_hops_before_strip,85,63113.0
budget050,int_records_stripped,85,28775.0
budget050,irn_nacks_generated,85,0.0
budget050,irn_nacks_received,85,0.0
budget050,irn_retransmit_bytes,85,0.0
budget050,irn_retransmit_packets,85,0.0
budget050,le_8KB_fct_us_mean,85,6.996147170708511
budget050,le_8KB_fct_us_p95,85,9.11475
budget050,le_8KB_fct_us_p99,85,9.372799999999998
budget050,le_8KB_flow_count,85,4206.0
budget050,le_8KB_slowdown_mean,85,1.0099098727267295
budget050,le_8KB_slowdown_p95,85,1.0363063029443593
budget050,le_8KB_slowdown_p99,85,1.0775056814146042
budget050,long_to_small_slowdown_mean_ratio,85,1.9990850491138275
budget050,max_active_flows,85,4.0
budget050,overall_fct_us_mean,85,12.132962987442166
budget050,overall_fct_us_p95,85,17.01485
budget050,overall_fct_us_p99,85,159.73627999999974
budget050,overall_flow_count,85,6052.0
budget050,overall_slowdown_mean,85,1.0416347235051304
budget050,overall_slowdown_p95,85,1.1458500033579377
budget050,overall_slowdown_p99,85,1.7231619306678871
budget050,pfc_pause_events,85,0.0
budget050,pfc_resume_events,85,0.0
budget050,proactive_releases,85,359.0
budget050,queue_bytes_max,85,333540.0
budget050,queue_bytes_mean,85,2648.268
budget050,queue_bytes_p95,85,7630.0
budget050,queue_bytes_p99,85,86110.0
budget050,queue_sample_count,85,160000.0
budget050,reactive_binding_rate_changes,85,78.0
budget050,reactive_binding_updates,85,78.0
budget050,recovery_nacks_generated,85,0.0
budget050,recovery_nacks_received,85,0.0
budget050,registrations,85,359.0
budget050,selected_registrations,85,359.0
budget050,tie_binding_rate_changes,85,9.0
budget050,tie_binding_updates,85,236.0
budget050,timeout_recoveries,85,0.0
budget100,1BDP_to_1MB_fct_us_mean,85,50.453628571428574
budget100,1BDP_to_1MB_fct_us_p95,85,127.13285000000008
budget100,1BDP_to_1MB_fct_us_p99,85,210.82721999999995
budget100,1BDP_to_1MB_flow_count,85,210.0
budget100,1BDP_to_1MB_slowdown_mean,85,1.3275392885634483
budget100,1BDP_to_1MB_slowdown_p95,85,2.2548513601813527
budget100,1BDP_to_1MB_slowdown_p99,85,2.9173303035550466
budget100,8KB_to_1BDP_fct_us_mean,85,9.33933482142857
budget100,8KB_to_1BDP_fct_us_p95,85,15.900950000000002
budget100,8KB_to_1BDP_fct_us_p99,85,18.588049999999996
budget100,8KB_to_1BDP_flow_count,85,1568.0
budget100,8KB_to_1BDP_slowdown_mean,85,1.0469278439081247
budget100,8KB_to_1BDP_slowdown_p95,85,1.19062401203724
budget100,8KB_to_1BDP_slowdown_p99,85,1.4057117454584858
budget100,aggregate_goodput_gbps,85,188.35453971668375
budget100,completion_releases,85,0.0
budget100,completion_span_us,85,10086.114
budget100,grant_binding_rate_changes,85,1.0
budget100,grant_binding_updates,85,80.0
budget100,grant_bytes_sent,85,280120.0
budget100,grant_event_rate_changes,85,741.0
budget100,grants_received,85,2980.0
budget100,grants_sent,85,2980.0
budget100,gt_1MB_fct_us_mean,85,276.4559117647059
budget100,gt_1MB_fct_us_p95,85,635.8395499999999
budget100,gt_1MB_fct_us_p99,85,993.0888499999999
budget100,gt_1MB_flow_count,85,68.0
budget100,gt_1MB_slowdown_mean,85,2.012373593093591
budget100,gt_1MB_slowdown_p95,85,3.686668157894493
budget100,gt_1MB_slowdown_p99,85,5.951688859155146
budget100,guard_ack_interval_packets,85,8.0
budget100,guard_adaptive_grant_updates,85,0.0
budget100,guard_adaptive_target_enabled,85,1.0
budget100,guard_adaptive_target_max_queue_bdps,85,2.169230769
budget100,guard_adaptive_target_min_observed,85,0.95
budget100,guard_adaptive_target_updates,85,121.0
budget100,guard_fixed_window,85,1.0
budget100,guard_grant_refresh_bdps,85,1.0
budget100,guard_long_acks_suppressed,85,157847.0
budget100,guard_min_share_fraction,85,0.0
budget100,guard_one_rtt_acks_suppressed,85,53876.0
budget100,guard_one_rtt_bypass_enabled,85,1.0
budget100,guard_one_rtt_bypass_feedbacks,85,5693.0
budget100,guard_one_rtt_bypass_flows,85,5693.0
budget100,guard_queue_budget_bdps,85,1.0
budget100,guard_rebalance_events,85,0.0
budget100,guard_remaining_aware,85,1.0
budget100,guard_remaining_exponent,85,1.0
budget100,guard_remaining_refresh_events,85,1942.0
budget100,guard_sender_srpt_enabled,85,1.0
budget100,guard_sender_srpt_forced_rr,85,110.0
budget100,guard_sender_srpt_non_rr,85,32572.0
budget100,guard_sender_srpt_selections,85,240498.0
budget100,guard_srpt_quantum_packets,85,64.0
budget100,guard_tail_bypass_bdps,85,8.0
budget100,guard_tail_bypass_enabled,85,1.0
budget100,guard_tail_bypass_feedbacks,85,14704.0
budget100,guard_tail_bypass_flows,85,359.0
budget100,guard_target_floor,85,0.95
budget100,hpcc_actual_rate_changes,85,74.0
budget100,hpcc_fast_computations,85,0.0
budget100,hpcc_feedback_updates,85,1307.0
budget100,hpcc_full_computations,85,383.0
budget100,hpcc_rate_updates_applied,85,383.0
budget100,hpcc_valid_feedback,85,443.0
budget100,int_hops_after_strip,85,34338.0
budget100,int_hops_before_strip,85,63113.0
budget100,int_records_stripped,85,28775.0
budget100,irn_nacks_generated,85,0.0
budget100,irn_nacks_received,85,0.0
budget100,irn_retransmit_bytes,85,0.0
budget100,irn_retransmit_packets,85,0.0
budget100,le_8KB_fct_us_mean,85,6.996482881597717
budget100,le_8KB_fct_us_p95,85,9.12175
budget100,le_8KB_fct_us_p99,85,9.348949999999999
budget100,le_8KB_flow_count,85,4206.0
budget100,le_8KB_slowdown_mean,85,1.0099639364200739
budget100,le_8KB_slowdown_p95,85,1.0365049871152163
budget100,le_8KB_slowdown_p99,85,1.0795340556293214
budget100,long_to_small_slowdown_mean_ratio,85,1.9925202480265445
budget100,max_active_flows,85,4.0
budget100,overall_fct_us_mean,85,12.139052875082616
budget100,overall_fct_us_p95,85,17.032349999999997
budget100,overall_fct_us_p99,85,160.68302999999986
budget100,overall_flow_count,85,6052.0
budget100,overall_slowdown_mean,85,1.0418235014473658
budget100,overall_slowdown_p95,85,1.1451020712024107
budget100,overall_slowdown_p99,85,1.728892633215037
budget100,pfc_pause_events,85,0.0
budget100,pfc_resume_events,85,0.0
budget100,proactive_releases,85,359.0
budget100,queue_bytes_max,85,333540.0
budget100,queue_bytes_mean,85,2865.942
budget100,queue_bytes_p95,85,7630.0
budget100,queue_bytes_p99,85,95920.0
budget100,queue_sample_count,85,160000.0
budget100,reactive_binding_rate_changes,85,67.0
budget100,reactive_binding_updates,85,67.0
budget100,recovery_nacks_generated,85,0.0
budget100,recovery_nacks_received,85,0.0
budget100,registrations,85,359.0
budget100,selected_registrations,85,359.0
budget100,tie_binding_rate_changes,85,6.0
budget100,tie_binding_updates,85,236.0
budget100,timeout_recoveries,85,0.0
