workload,seed,arm,git_sha,flow_sha256,flow_count,completed_flow_count,completion_fraction,output_id,output_dir,output_bytes,elapsed_seconds,passed,failures
AliStorage2019,11,guard,2d805e3ebb3cfe7590fe30678ee0edd5b53b09b1,e18f69ebac4d4724fd669f93f86ee48b535aee0b29e0b4a4d38c5dc4b02575b5,9723,9723,1.0,773594123,mix/output/773594123,1077056,3,True,
AliStorage2019,11,no_priority,2d805e3ebb3cfe7590fe30678ee0edd5b53b09b1,e18f69ebac4d4724fd669f93f86ee48b535aee0b29e0b4a4d38c5dc4b02575b5,9723,9723,1.0,504465808,mix/output/504465808,1219148,3,True,
AliStorage2019,11,no_srpt,2d805e3ebb3cfe7590fe30678ee0edd5b53b09b1,e18f69ebac4d4724fd669f93f86ee48b535aee0b29e0b4a4d38c5dc4b02575b5,9723,9723,1.0,210930275,mix/output/210930275,1121280,3,True,
AliStorage2019,11,no_reclaim,2d805e3ebb3cfe7590fe30678ee0edd5b53b09b1,e18f69ebac4d4724fd669f93f86ee48b535aee0b29e0b4a4d38c5dc4b02575b5,9723,9723,1.0,186154975,mix/output/186154975,1077312,3,True,
AliStorage2019,11,no_one_rtt,2d805e3ebb3cfe7590fe30678ee0edd5b53b09b1,e18f69ebac4d4724fd669f93f86ee48b535aee0b29e0b4a4d38c5dc4b02575b5,9723,9723,1.0,633274325,mix/output/633274325,1078746,4,True,
AliStorage2019,11,no_tail,2d805e3ebb3cfe7590fe30678ee0edd5b53b09b1,e18f69ebac4d4724fd669f93f86ee48b535aee0b29e0b4a4d38c5dc4b02575b5,9723,9723,1.0,25750104,mix/output/25750104,1079072,3,True,
AliStorage2019,11,no_remaining,2d805e3ebb3cfe7590fe30678ee0edd5b53b09b1,e18f69ebac4d4724fd669f93f86ee48b535aee0b29e0b4a4d38c5dc4b02575b5,9723,9723,1.0,6490925,mix/output/6490925,1076681,3,True,
AliStorage2019,11,no_ack_coalescing,2d805e3ebb3cfe7590fe30678ee0edd5b53b09b1,e18f69ebac4d4724fd669f93f86ee48b535aee0b29e0b4a4d38c5dc4b02575b5,9723,9723,1.0,648384578,mix/output/648384578,1097645,5,True,
AliStorage2019,11,no_fixed_window,2d805e3ebb3cfe7590fe30678ee0edd5b53b09b1,e18f69ebac4d4724fd669f93f86ee48b535aee0b29e0b4a4d38c5dc4b02575b5,9723,9723,1.0,553039,mix/output/553039,1077443,3,True,
AliStorage2019,12,guard,2d805e3ebb3cfe7590fe30678ee0edd5b53b09b1,8e094f582305aef2d7176f9d35dbe637706523eb0e842f2f02c96f636f53b8fe,9733,9733,1.0,5056186,mix/output/5056186,1069608,3,True,
AliStorage2019,12,no_priority,2d805e3ebb3cfe7590fe30678ee0edd5b53b09b1,8e094f582305aef2d7176f9d35dbe637706523eb0e842f2f02c96f636f53b8fe,9733,9733,1.0,433296631,mix/output/433296631,1198265,3,True,
AliStorage2019,12,no_srpt,2d805e3ebb3cfe7590fe30678ee0edd5b53b09b1,8e094f582305aef2d7176f9d35dbe637706523eb0e842f2f02c96f636f53b8fe,9733,9733,1.0,680745229,mix/output/680745229,1106846,3,True,
AliStorage2019,12,no_reclaim,2d805e3ebb3cfe7590fe30678ee0edd5b53b09b1,8e094f582305aef2d7176f9d35dbe637706523eb0e842f2f02c96f636f53b8fe,9733,9733,1.0,125269048,mix/output/125269048,1069753,3,True,
AliStorage2019,12,no_one_rtt,2d805e3ebb3cfe7590fe30678ee0edd5b53b09b1,8e094f582305aef2d7176f9d35dbe637706523eb0e842f2f02c96f636f53b8fe,9733,9733,1.0,600658775,mix/output/600658775,1069253,3,True,
AliStorage2019,12,no_tail,2d805e3ebb3cfe7590fe30678ee0edd5b53b09b1,8e094f582305aef2d7176f9d35dbe637706523eb0e842f2f02c96f636f53b8fe,9733,9733,1.0,893748842,mix/output/893748842,1069803,3,True,
AliStorage2019,12,no_remaining,2d805e3ebb3cfe7590fe30678ee0edd5b53b09b1,8e094f582305aef2d7176f9d35dbe637706523eb0e842f2f02c96f636f53b8fe,9733,9733,1.0,70295148,mix/output/70295148,1069083,3,True,
AliStorage2019,12,no_ack_coalescing,2d805e3ebb3cfe7590fe30678ee0edd5b53b09b1,8e094f582305aef2d7176f9d35dbe637706523eb0e842f2f02c96f636f53b8fe,9733,9733,1.0,833120757,mix/output/833120757,1085187,4,True,
AliStorage2019,12,no_fixed_window,2d805e3ebb3cfe7590fe30678ee0edd5b53b09b1,8e094f582305aef2d7176f9d35dbe637706523eb0e842f2f02c96f636f53b8fe,9733,9733,1.0,504214518,mix/output/504214518,1069634,3,True,
AliStorage2019,13,guard,2d805e3ebb3cfe7590fe30678ee0edd5b53b09b1,0c4ebfe0b300d723de046bc73e6aeec0345b3092cc0fcc7f48dd88ba24223bb3,9637,9637,1.0,730839793,mix/output/730839793,1061305,3,True,
AliStorage2019,13,no_priority,2d805e3ebb3cfe7590fe30678ee0edd5b53b09b1,0c4ebfe0b300d723de046bc73e6aeec0345b3092cc0fcc7f48dd88ba24223bb3,9637,9637,1.0,503680099,mix/output/503680099,1180825,3,True,
AliStorage2019,13,no_srpt,2d805e3ebb3cfe7590fe30678ee0edd5b53b09b1,0c4ebfe0b300d723de046bc73e6aeec0345b3092cc0fcc7f48dd88ba24223bb3,9637,9637,1.0,369518810,mix/output/369518810,1099335,3,True,
AliStorage2019,13,no_reclaim,2d805e3ebb3cfe7590fe30678ee0edd5b53b09b1,0c4ebfe0b300d723de046bc73e6aeec0345b3092cc0fcc7f48dd88ba24223bb3,9637,9637,1.0,254234558,mix/output/254234558,1061306,3,True,
AliStorage2019,13,no_one_rtt,2d805e3ebb3cfe7590fe30678ee0edd5b53b09b1,0c4ebfe0b300d723de046bc73e6aeec0345b3092cc0fcc7f48dd88ba24223bb3,9637,9637,1.0,516705813,mix/output/516705813,1062880,3,True,
AliStorage2019,13,no_tail,2d805e3ebb3cfe7590fe30678ee0edd5b53b09b1,0c4ebfe0b300d723de046bc73e6aeec0345b3092cc0fcc7f48dd88ba24223bb3,9637,9637,1.0,335369823,mix/output/335369823,1063011,3,True,
AliStorage2019,13,no_remaining,2d805e3ebb3cfe7590fe30678ee0edd5b53b09b1,0c4ebfe0b300d723de046bc73e6aeec0345b3092cc0fcc7f48dd88ba24223bb3,9637,9637,1.0,348565031,mix/output/348565031,1064486,3,True,
AliStorage2019,13,no_ack_coalescing,2d805e3ebb3cfe7590fe30678ee0edd5b53b09b1,0c4ebfe0b300d723de046bc73e6aeec0345b3092cc0fcc7f48dd88ba24223bb3,9637,9637,1.0,703093353,mix/output/703093353,1078356,4,True,
AliStorage2019,13,no_fixed_window,2d805e3ebb3cfe7590fe30678ee0edd5b53b09b1,0c4ebfe0b300d723de046bc73e6aeec0345b3092cc0fcc7f48dd88ba24223bb3,9637,9636,0.9998962332676145,710263740,mix/output/710263740,1061710,3,False,completed 9636 of 9637 flows; exclude this seed from latency comparisons; drop or recovery counter is nonzero
AliStorage2019,14,guard,2d805e3ebb3cfe7590fe30678ee0edd5b53b09b1,cf6c8e1623c7a2e6d2c76e997ad6e2e7fd32496354cee92dc93e99ceccc5847f,9782,9782,1.0,237784050,mix/output/237784050,1064135,3,True,
AliStorage2019,14,no_priority,2d805e3ebb3cfe7590fe30678ee0edd5b53b09b1,cf6c8e1623c7a2e6d2c76e997ad6e2e7fd32496354cee92dc93e99ceccc5847f,9782,9782,1.0,312440071,mix/output/312440071,1175253,3,True,
AliStorage2019,14,no_srpt,2d805e3ebb3cfe7590fe30678ee0edd5b53b09b1,cf6c8e1623c7a2e6d2c76e997ad6e2e7fd32496354cee92dc93e99ceccc5847f,9782,9782,1.0,760346150,mix/output/760346150,1102095,3,True,
AliStorage2019,14,no_reclaim,2d805e3ebb3cfe7590fe30678ee0edd5b53b09b1,cf6c8e1623c7a2e6d2c76e997ad6e2e7fd32496354cee92dc93e99ceccc5847f,9782,9782,1.0,876477796,mix/output/876477796,1064135,3,True,
AliStorage2019,14,no_one_rtt,2d805e3ebb3cfe7590fe30678ee0edd5b53b09b1,cf6c8e1623c7a2e6d2c76e997ad6e2e7fd32496354cee92dc93e99ceccc5847f,9782,9782,1.0,578902105,mix/output/578902105,1065480,3,True,
AliStorage2019,14,no_tail,2d805e3ebb3cfe7590fe30678ee0edd5b53b09b1,cf6c8e1623c7a2e6d2c76e997ad6e2e7fd32496354cee92dc93e99ceccc5847f,9782,9782,1.0,180183491,mix/output/180183491,1064954,3,True,
AliStorage2019,14,no_remaining,2d805e3ebb3cfe7590fe30678ee0edd5b53b09b1,cf6c8e1623c7a2e6d2c76e997ad6e2e7fd32496354cee92dc93e99ceccc5847f,9782,9782,1.0,463442719,mix/output/463442719,1064294,3,True,
AliStorage2019,14,no_ack_coalescing,2d805e3ebb3cfe7590fe30678ee0edd5b53b09b1,cf6c8e1623c7a2e6d2c76e997ad6e2e7fd32496354cee92dc93e99ceccc5847f,9782,9782,1.0,600924242,mix/output/600924242,1078565,4,True,
AliStorage2019,14,no_fixed_window,2d805e3ebb3cfe7590fe30678ee0edd5b53b09b1,cf6c8e1623c7a2e6d2c76e997ad6e2e7fd32496354cee92dc93e99ceccc5847f,9782,9782,1.0,59518460,mix/output/59518460,1067966,3,True,
AliStorage2019,15,guard,2d805e3ebb3cfe7590fe30678ee0edd5b53b09b1,14723b3d1f8f579afefdf5651c0c203539500bacbf15512d9493ac31cab6fc32,9847,9847,1.0,139162706,mix/output/139162706,1082169,3,True,
AliStorage2019,15,no_priority,2d805e3ebb3cfe7590fe30678ee0edd5b53b09b1,14723b3d1f8f579afefdf5651c0c203539500bacbf15512d9493ac31cab6fc32,9847,9847,1.0,359812634,mix/output/359812634,1199838,3,True,
AliStorage2019,15,no_srpt,2d805e3ebb3cfe7590fe30678ee0edd5b53b09b1,14723b3d1f8f579afefdf5651c0c203539500bacbf15512d9493ac31cab6fc32,9847,9847,1.0,598594608,mix/output/598594608,1125499,3,True,
AliStorage2019,15,no_reclaim,2d805e3ebb3cfe7590fe30678ee0edd5b53b09b1,14723b3d1f8f579afefdf5651c0c203539500bacbf15512d9493ac31cab6fc32,9847,9847,1.0,518635682,mix/output/518635682,1082169,3,True,
AliStorage2019,15,no_one_rtt,2d805e3ebb3cfe7590fe30678ee0edd5b53b09b1,14723b3d1f8f579afefdf5651c0c203539500bacbf15512d9493ac31cab6fc32,9847,9847,1.0,320783885,mix/output/320783885,1081093,3,True,
AliStorage2019,15,no_tail,2d805e3ebb3cfe7590fe30678ee0edd5b53b09b1,14723b3d1f8f579afefdf5651c0c203539500bacbf15512d9493ac31cab6fc32,9847,9847,1.0,347462087,mix/output/347462087,1081059,3,True,
AliStorage2019,15,no_remaining,2d805e3ebb3cfe7590fe30678ee0edd5b53b09b1,14723b3d1f8f579afefdf5651c0c203539500bacbf15512d9493ac31cab6fc32,9847,9847,1.0,324583924,mix/output/324583924,1083661,3,True,
AliStorage2019,15,no_ack_coalescing,2d805e3ebb3cfe7590fe30678ee0edd5b53b09b1,14723b3d1f8f579afefdf5651c0c203539500bacbf15512d9493ac31cab6fc32,9847,9847,1.0,519190489,mix/output/519190489,1101333,4,True,
AliStorage2019,15,no_fixed_window,2d805e3ebb3cfe7590fe30678ee0edd5b53b09b1,14723b3d1f8f579afefdf5651c0c203539500bacbf15512d9493ac31cab6fc32,9847,9845,0.9997968924545547,7039864,mix/output/7039864,1080676,3,False,completed 9845 of 9847 flows; exclude this seed from latency comparisons; drop or recovery counter is nonzero
WebSearch,11,guard,2d805e3ebb3cfe7590fe30678ee0edd5b53b09b1,2b3526dd054006f4324eb13fdb485fd19062fe2d60a599b139c4e1e33017dcaf,226,226,1.0,83852706,mix/output/83852706,52750,2,True,
WebSearch,11,no_priority,2d805e3ebb3cfe7590fe30678ee0edd5b53b09b1,2b3526dd054006f4324eb13fdb485fd19062fe2d60a599b139c4e1e33017dcaf,226,226,1.0,732367638,mix/output/732367638,52857,2,True,
WebSearch,11,no_srpt,2d805e3ebb3cfe7590fe30678ee0edd5b53b09b1,2b3526dd054006f4324eb13fdb485fd19062fe2d60a599b139c4e1e33017dcaf,226,226,1.0,57799153,mix/output/57799153,52651,2,True,
WebSearch,11,no_reclaim,2d805e3ebb3cfe7590fe30678ee0edd5b53b09b1,2b3526dd054006f4324eb13fdb485fd19062fe2d60a599b139c4e1e33017dcaf,226,226,1.0,139041129,mix/output/139041129,52822,2,True,
WebSearch,11,no_one_rtt,2d805e3ebb3cfe7590fe30678ee0edd5b53b09b1,2b3526dd054006f4324eb13fdb485fd19062fe2d60a599b139c4e1e33017dcaf,226,226,1.0,67619295,mix/output/67619295,52634,2,True,
WebSearch,11,no_tail,2d805e3ebb3cfe7590fe30678ee0edd5b53b09b1,2b3526dd054006f4324eb13fdb485fd19062fe2d60a599b139c4e1e33017dcaf,226,226,1.0,865964114,mix/output/865964114,52796,2,True,
WebSearch,11,no_remaining,2d805e3ebb3cfe7590fe30678ee0edd5b53b09b1,2b3526dd054006f4324eb13fdb485fd19062fe2d60a599b139c4e1e33017dcaf,226,226,1.0,281381444,mix/output/281381444,52644,2,True,
WebSearch,11,no_ack_coalescing,2d805e3ebb3cfe7590fe30678ee0edd5b53b09b1,2b3526dd054006f4324eb13fdb485fd19062fe2d60a599b139c4e1e33017dcaf,226,226,1.0,258951490,mix/output/258951490,52755,3,True,
WebSearch,11,no_fixed_window,2d805e3ebb3cfe7590fe30678ee0edd5b53b09b1,2b3526dd054006f4324eb13fdb485fd19062fe2d60a599b139c4e1e33017dcaf,226,226,1.0,306622576,mix/output/306622576,52854,2,True,
WebSearch,12,guard,2d805e3ebb3cfe7590fe30678ee0edd5b53b09b1,76f4997fe8ae0c4a39341fe6287e70c4b555e91620b02833a71a56572b9e6708,230,230,1.0,68111033,mix/output/68111033,53438,3,True,
WebSearch,12,no_priority,2d805e3ebb3cfe7590fe30678ee0edd5b53b09b1,76f4997fe8ae0c4a39341fe6287e70c4b555e91620b02833a71a56572b9e6708,230,230,1.0,398059512,mix/output/398059512,53473,3,True,
WebSearch,12,no_srpt,2d805e3ebb3cfe7590fe30678ee0edd5b53b09b1,76f4997fe8ae0c4a39341fe6287e70c4b555e91620b02833a71a56572b9e6708,230,230,1.0,119332225,mix/output/119332225,53553,3,True,
WebSearch,12,no_reclaim,2d805e3ebb3cfe7590fe30678ee0edd5b53b09b1,76f4997fe8ae0c4a39341fe6287e70c4b555e91620b02833a71a56572b9e6708,230,230,1.0,254492867,mix/output/254492867,53510,3,True,
WebSearch,12,no_one_rtt,2d805e3ebb3cfe7590fe30678ee0edd5b53b09b1,76f4997fe8ae0c4a39341fe6287e70c4b555e91620b02833a71a56572b9e6708,230,230,1.0,570461091,mix/output/570461091,53452,3,True,
WebSearch,12,no_tail,2d805e3ebb3cfe7590fe30678ee0edd5b53b09b1,76f4997fe8ae0c4a39341fe6287e70c4b555e91620b02833a71a56572b9e6708,230,230,1.0,866624834,mix/output/866624834,53745,3,True,
WebSearch,12,no_remaining,2d805e3ebb3cfe7590fe30678ee0edd5b53b09b1,76f4997fe8ae0c4a39341fe6287e70c4b555e91620b02833a71a56572b9e6708,230,230,1.0,818351657,mix/output/818351657,53538,3,True,
WebSearch,12,no_ack_coalescing,2d805e3ebb3cfe7590fe30678ee0edd5b53b09b1,76f4997fe8ae0c4a39341fe6287e70c4b555e91620b02833a71a56572b9e6708,230,230,1.0,609317142,mix/output/609317142,53605,4,True,
WebSearch,12,no_fixed_window,2d805e3ebb3cfe7590fe30678ee0edd5b53b09b1,76f4997fe8ae0c4a39341fe6287e70c4b555e91620b02833a71a56572b9e6708,230,230,1.0,728729948,mix/output/728729948,53451,3,False,drop or recovery counter is nonzero
WebSearch,13,guard,2d805e3ebb3cfe7590fe30678ee0edd5b53b09b1,9aaf927559664dd6760b94650fa95620125080c1647aca0ce7d4b92a84fc965d,215,215,1.0,33448776,mix/output/33448776,47972,2,True,
WebSearch,13,no_priority,2d805e3ebb3cfe7590fe30678ee0edd5b53b09b1,9aaf927559664dd6760b94650fa95620125080c1647aca0ce7d4b92a84fc965d,215,215,1.0,331905786,mix/output/331905786,48182,2,True,
WebSearch,13,no_srpt,2d805e3ebb3cfe7590fe30678ee0edd5b53b09b1,9aaf927559664dd6760b94650fa95620125080c1647aca0ce7d4b92a84fc965d,215,215,1.0,485687364,mix/output/485687364,48030,2,True,
WebSearch,13,no_reclaim,2d805e3ebb3cfe7590fe30678ee0edd5b53b09b1,9aaf927559664dd6760b94650fa95620125080c1647aca0ce7d4b92a84fc965d,215,215,1.0,279447612,mix/output/279447612,48044,2,True,
WebSearch,13,no_one_rtt,2d805e3ebb3cfe7590fe30678ee0edd5b53b09b1,9aaf927559664dd6760b94650fa95620125080c1647aca0ce7d4b92a84fc965d,215,215,1.0,772479585,mix/output/772479585,48051,2,True,
WebSearch,13,no_tail,2d805e3ebb3cfe7590fe30678ee0edd5b53b09b1,9aaf927559664dd6760b94650fa95620125080c1647aca0ce7d4b92a84fc965d,215,215,1.0,115680717,mix/output/115680717,48064,2,True,
WebSearch,13,no_remaining,2d805e3ebb3cfe7590fe30678ee0edd5b53b09b1,9aaf927559664dd6760b94650fa95620125080c1647aca0ce7d4b92a84fc965d,215,215,1.0,29254939,mix/output/29254939,47895,2,True,
WebSearch,13,no_ack_coalescing,2d805e3ebb3cfe7590fe30678ee0edd5b53b09b1,9aaf927559664dd6760b94650fa95620125080c1647aca0ce7d4b92a84fc965d,215,215,1.0,148390180,mix/output/148390180,48412,2,True,
WebSearch,13,no_fixed_window,2d805e3ebb3cfe7590fe30678ee0edd5b53b09b1,9aaf927559664dd6760b94650fa95620125080c1647aca0ce7d4b92a84fc965d,215,215,1.0,253690473,mix/output/253690473,47978,2,True,
WebSearch,14,guard,2d805e3ebb3cfe7590fe30678ee0edd5b53b09b1,6b9b90aab6480c4741e50f8078121e28d727a8199ed404d226006b126fca2d9d,206,206,1.0,899328860,mix/output/899328860,49235,2,True,
WebSearch,14,no_priority,2d805e3ebb3cfe7590fe30678ee0edd5b53b09b1,6b9b90aab6480c4741e50f8078121e28d727a8199ed404d226006b126fca2d9d,206,206,1.0,558278830,mix/output/558278830,49198,3,True,
WebSearch,14,no_srpt,2d805e3ebb3cfe7590fe30678ee0edd5b53b09b1,6b9b90aab6480c4741e50f8078121e28d727a8199ed404d226006b126fca2d9d,206,206,1.0,494193980,mix/output/494193980,49309,2,True,
WebSearch,14,no_reclaim,2d805e3ebb3cfe7590fe30678ee0edd5b53b09b1,6b9b90aab6480c4741e50f8078121e28d727a8199ed404d226006b126fca2d9d,206,206,1.0,955912930,mix/output/955912930,49235,2,True,
WebSearch,14,no_one_rtt,2d805e3ebb3cfe7590fe30678ee0edd5b53b09b1,6b9b90aab6480c4741e50f8078121e28d727a8199ed404d226006b126fca2d9d,206,206,1.0,445968069,mix/output/445968069,49165,2,True,
WebSearch,14,no_tail,2d805e3ebb3cfe7590fe30678ee0edd5b53b09b1,6b9b90aab6480c4741e50f8078121e28d727a8199ed404d226006b126fca2d9d,206,206,1.0,369550595,mix/output/369550595,49105,2,True,
WebSearch,14,no_remaining,2d805e3ebb3cfe7590fe30678ee0edd5b53b09b1,6b9b90aab6480c4741e50f8078121e28d727a8199ed404d226006b126fca2d9d,206,206,1.0,518910185,mix/output/518910185,49091,2,True,
WebSearch,14,no_ack_coalescing,2d805e3ebb3cfe7590fe30678ee0edd5b53b09b1,6b9b90aab6480c4741e50f8078121e28d727a8199ed404d226006b126fca2d9d,206,206,1.0,123389884,mix/output/123389884,49268,3,True,
WebSearch,14,no_fixed_window,2d805e3ebb3cfe7590fe30678ee0edd5b53b09b1,6b9b90aab6480c4741e50f8078121e28d727a8199ed404d226006b126fca2d9d,206,206,1.0,638161413,mix/output/638161413,49233,2,False,drop or recovery counter is nonzero
WebSearch,15,guard,2d805e3ebb3cfe7590fe30678ee0edd5b53b09b1,f05f4eda01b6e8b346defc65bc456a6fb0a6ac7a3fb735075dbfa4acbf46bae7,218,218,1.0,210424190,mix/output/210424190,52812,2,True,
WebSearch,15,no_priority,2d805e3ebb3cfe7590fe30678ee0edd5b53b09b1,f05f4eda01b6e8b346defc65bc456a6fb0a6ac7a3fb735075dbfa4acbf46bae7,218,218,1.0,53803320,mix/output/53803320,52910,2,True,
WebSearch,15,no_srpt,2d805e3ebb3cfe7590fe30678ee0edd5b53b09b1,f05f4eda01b6e8b346defc65bc456a6fb0a6ac7a3fb735075dbfa4acbf46bae7,218,218,1.0,144860005,mix/output/144860005,53013,2,True,
WebSearch,15,no_reclaim,2d805e3ebb3cfe7590fe30678ee0edd5b53b09b1,f05f4eda01b6e8b346defc65bc456a6fb0a6ac7a3fb735075dbfa4acbf46bae7,218,218,1.0,664888905,mix/output/664888905,52812,2,True,
WebSearch,15,no_one_rtt,2d805e3ebb3cfe7590fe30678ee0edd5b53b09b1,f05f4eda01b6e8b346defc65bc456a6fb0a6ac7a3fb735075dbfa4acbf46bae7,218,218,1.0,22203316,mix/output/22203316,52808,2,True,
WebSearch,15,no_tail,2d805e3ebb3cfe7590fe30678ee0edd5b53b09b1,f05f4eda01b6e8b346defc65bc456a6fb0a6ac7a3fb735075dbfa4acbf46bae7,218,218,1.0,512046803,mix/output/512046803,52886,2,True,
WebSearch,15,no_remaining,2d805e3ebb3cfe7590fe30678ee0edd5b53b09b1,f05f4eda01b6e8b346defc65bc456a6fb0a6ac7a3fb735075dbfa4acbf46bae7,218,218,1.0,764250021,mix/output/764250021,52704,2,True,
WebSearch,15,no_ack_coalescing,2d805e3ebb3cfe7590fe30678ee0edd5b53b09b1,f05f4eda01b6e8b346defc65bc456a6fb0a6ac7a3fb735075dbfa4acbf46bae7,218,218,1.0,734693091,mix/output/734693091,53077,3,True,
WebSearch,15,no_fixed_window,2d805e3ebb3cfe7590fe30678ee0edd5b53b09b1,f05f4eda01b6e8b346defc65bc456a6fb0a6ac7a3fb735075dbfa4acbf46bae7,218,218,1.0,364458715,mix/output/364458715,52460,2,False,drop or recovery counter is nonzero
FbHdp,11,guard,2d805e3ebb3cfe7590fe30678ee0edd5b53b09b1,8b3c8fde7488c7db0f653c569aee341a57f97ff5f9b31dfe47f5cd9f7ee1fd85,3261,3261,1.0,668822842,mix/output/668822842,378302,3,True,
FbHdp,11,no_priority,2d805e3ebb3cfe7590fe30678ee0edd5b53b09b1,8b3c8fde7488c7db0f653c569aee341a57f97ff5f9b31dfe47f5cd9f7ee1fd85,3261,3261,1.0,529705884,mix/output/529705884,406130,3,True,
FbHdp,11,no_srpt,2d805e3ebb3cfe7590fe30678ee0edd5b53b09b1,8b3c8fde7488c7db0f653c569aee341a57f97ff5f9b31dfe47f5cd9f7ee1fd85,3261,3261,1.0,860167581,mix/output/860167581,380048,3,True,
FbHdp,11,no_reclaim,2d805e3ebb3cfe7590fe30678ee0edd5b53b09b1,8b3c8fde7488c7db0f653c569aee341a57f97ff5f9b31dfe47f5cd9f7ee1fd85,3261,3261,1.0,45782785,mix/output/45782785,378230,3,True,
FbHdp,11,no_one_rtt,2d805e3ebb3cfe7590fe30678ee0edd5b53b09b1,8b3c8fde7488c7db0f653c569aee341a57f97ff5f9b31dfe47f5cd9f7ee1fd85,3261,3261,1.0,829969779,mix/output/829969779,379381,3,True,
FbHdp,11,no_tail,2d805e3ebb3cfe7590fe30678ee0edd5b53b09b1,8b3c8fde7488c7db0f653c569aee341a57f97ff5f9b31dfe47f5cd9f7ee1fd85,3261,3261,1.0,552122466,mix/output/552122466,377911,3,True,
FbHdp,11,no_remaining,2d805e3ebb3cfe7590fe30678ee0edd5b53b09b1,8b3c8fde7488c7db0f653c569aee341a57f97ff5f9b31dfe47f5cd9f7ee1fd85,3261,3261,1.0,972129932,mix/output/972129932,378114,3,True,
FbHdp,11,no_ack_coalescing,2d805e3ebb3cfe7590fe30678ee0edd5b53b09b1,8b3c8fde7488c7db0f653c569aee341a57f97ff5f9b31dfe47f5cd9f7ee1fd85,3261,3261,1.0,330804047,mix/output/330804047,379680,4,True,
FbHdp,11,no_fixed_window,2d805e3ebb3cfe7590fe30678ee0edd5b53b09b1,8b3c8fde7488c7db0f653c569aee341a57f97ff5f9b31dfe47f5cd9f7ee1fd85,3261,3261,1.0,872917695,mix/output/872917695,378040,3,True,
FbHdp,12,guard,2d805e3ebb3cfe7590fe30678ee0edd5b53b09b1,1f8b1f1dddd95c8ccd60f3541b0db00761fe91b22202e954db40f73ad2ddd150,3258,3258,1.0,212739439,mix/output/212739439,372405,3,True,
FbHdp,12,no_priority,2d805e3ebb3cfe7590fe30678ee0edd5b53b09b1,1f8b1f1dddd95c8ccd60f3541b0db00761fe91b22202e954db40f73ad2ddd150,3258,3258,1.0,698157911,mix/output/698157911,397581,3,True,
FbHdp,12,no_srpt,2d805e3ebb3cfe7590fe30678ee0edd5b53b09b1,1f8b1f1dddd95c8ccd60f3541b0db00761fe91b22202e954db40f73ad2ddd150,3258,3258,1.0,631377907,mix/output/631377907,374478,3,True,
FbHdp,12,no_reclaim,2d805e3ebb3cfe7590fe30678ee0edd5b53b09b1,1f8b1f1dddd95c8ccd60f3541b0db00761fe91b22202e954db40f73ad2ddd150,3258,3258,1.0,297199866,mix/output/297199866,372405,3,True,
FbHdp,12,no_one_rtt,2d805e3ebb3cfe7590fe30678ee0edd5b53b09b1,1f8b1f1dddd95c8ccd60f3541b0db00761fe91b22202e954db40f73ad2ddd150,3258,3258,1.0,578626878,mix/output/578626878,373853,3,True,
FbHdp,12,no_tail,2d805e3ebb3cfe7590fe30678ee0edd5b53b09b1,1f8b1f1dddd95c8ccd60f3541b0db00761fe91b22202e954db40f73ad2ddd150,3258,3258,1.0,308907729,mix/output/308907729,373835,3,True,
FbHdp,12,no_remaining,2d805e3ebb3cfe7590fe30678ee0edd5b53b09b1,1f8b1f1dddd95c8ccd60f3541b0db00761fe91b22202e954db40f73ad2ddd150,3258,3258,1.0,589898191,mix/output/589898191,374408,3,True,
FbHdp,12,no_ack_coalescing,2d805e3ebb3cfe7590fe30678ee0edd5b53b09b1,1f8b1f1dddd95c8ccd60f3541b0db00761fe91b22202e954db40f73ad2ddd150,3258,3258,1.0,728210819,mix/output/728210819,372480,4,True,
FbHdp,12,no_fixed_window,2d805e3ebb3cfe7590fe30678ee0edd5b53b09b1,1f8b1f1dddd95c8ccd60f3541b0db00761fe91b22202e954db40f73ad2ddd150,3258,3258,1.0,1639388,mix/output/1639388,373777,3,True,
FbHdp,13,guard,2d805e3ebb3cfe7590fe30678ee0edd5b53b09b1,69d6f9ada3c7cf59afeabc662064747dc652fa8aa253486ff09ef2b63fc67b2c,3212,3212,1.0,91436050,mix/output/91436050,373122,3,True,
FbHdp,13,no_priority,2d805e3ebb3cfe7590fe30678ee0edd5b53b09b1,69d6f9ada3c7cf59afeabc662064747dc652fa8aa253486ff09ef2b63fc67b2c,3212,3212,1.0,566195768,mix/output/566195768,402152,3,True,
FbHdp,13,no_srpt,2d805e3ebb3cfe7590fe30678ee0edd5b53b09b1,69d6f9ada3c7cf59afeabc662064747dc652fa8aa253486ff09ef2b63fc67b2c,3212,3212,1.0,783784709,mix/output/783784709,376041,3,True,
FbHdp,13,no_reclaim,2d805e3ebb3cfe7590fe30678ee0edd5b53b09b1,69d6f9ada3c7cf59afeabc662064747dc652fa8aa253486ff09ef2b63fc67b2c,3212,3212,1.0,943227237,mix/output/943227237,373194,3,True,
FbHdp,13,no_one_rtt,2d805e3ebb3cfe7590fe30678ee0edd5b53b09b1,69d6f9ada3c7cf59afeabc662064747dc652fa8aa253486ff09ef2b63fc67b2c,3212,3212,1.0,285867449,mix/output/285867449,374670,3,True,
FbHdp,13,no_tail,2d805e3ebb3cfe7590fe30678ee0edd5b53b09b1,69d6f9ada3c7cf59afeabc662064747dc652fa8aa253486ff09ef2b63fc67b2c,3212,3212,1.0,134701443,mix/output/134701443,374565,3,True,
FbHdp,13,no_remaining,2d805e3ebb3cfe7590fe30678ee0edd5b53b09b1,69d6f9ada3c7cf59afeabc662064747dc652fa8aa253486ff09ef2b63fc67b2c,3212,3212,1.0,650087729,mix/output/650087729,373179,3,True,
FbHdp,13,no_ack_coalescing,2d805e3ebb3cfe7590fe30678ee0edd5b53b09b1,69d6f9ada3c7cf59afeabc662064747dc652fa8aa253486ff09ef2b63fc67b2c,3212,3212,1.0,214787329,mix/output/214787329,376430,4,True,
FbHdp,13,no_fixed_window,2d805e3ebb3cfe7590fe30678ee0edd5b53b09b1,69d6f9ada3c7cf59afeabc662064747dc652fa8aa253486ff09ef2b63fc67b2c,3212,3211,0.9996886674968867,59016957,mix/output/59016957,372255,3,False,completed 3211 of 3212 flows; exclude this seed from latency comparisons; drop or recovery counter is nonzero
FbHdp,14,guard,2d805e3ebb3cfe7590fe30678ee0edd5b53b09b1,05deffadcfe5538424d84f31882343e1c2390f21c27c65d228221e969e13afcf,3209,3209,1.0,867590534,mix/output/867590534,369554,3,True,
FbHdp,14,no_priority,2d805e3ebb3cfe7590fe30678ee0edd5b53b09b1,05deffadcfe5538424d84f31882343e1c2390f21c27c65d228221e969e13afcf,3209,3209,1.0,462892184,mix/output/462892184,398457,3,True,
FbHdp,14,no_srpt,2d805e3ebb3cfe7590fe30678ee0edd5b53b09b1,05deffadcfe5538424d84f31882343e1c2390f21c27c65d228221e969e13afcf,3209,3209,1.0,609302427,mix/output/609302427,372492,3,True,
FbHdp,14,no_reclaim,2d805e3ebb3cfe7590fe30678ee0edd5b53b09b1,05deffadcfe5538424d84f31882343e1c2390f21c27c65d228221e969e13afcf,3209,3209,1.0,252114601,mix/output/252114601,369554,3,True,
FbHdp,14,no_one_rtt,2d805e3ebb3cfe7590fe30678ee0edd5b53b09b1,05deffadcfe5538424d84f31882343e1c2390f21c27c65d228221e969e13afcf,3209,3209,1.0,463355061,mix/output/463355061,368760,3,True,
FbHdp,14,no_tail,2d805e3ebb3cfe7590fe30678ee0edd5b53b09b1,05deffadcfe5538424d84f31882343e1c2390f21c27c65d228221e969e13afcf,3209,3209,1.0,576970517,mix/output/576970517,371028,3,True,
FbHdp,14,no_remaining,2d805e3ebb3cfe7590fe30678ee0edd5b53b09b1,05deffadcfe5538424d84f31882343e1c2390f21c27c65d228221e969e13afcf,3209,3209,1.0,98062681,mix/output/98062681,369723,3,True,
FbHdp,14,no_ack_coalescing,2d805e3ebb3cfe7590fe30678ee0edd5b53b09b1,05deffadcfe5538424d84f31882343e1c2390f21c27c65d228221e969e13afcf,3209,3209,1.0,248996255,mix/output/248996255,372062,4,True,
FbHdp,14,no_fixed_window,2d805e3ebb3cfe7590fe30678ee0edd5b53b09b1,05deffadcfe5538424d84f31882343e1c2390f21c27c65d228221e969e13afcf,3209,3209,1.0,470940457,mix/output/470940457,370705,3,True,
FbHdp,15,guard,2d805e3ebb3cfe7590fe30678ee0edd5b53b09b1,c006d900bff6747824fdfc6def0d842942ff3c765545d9d5bbeac6c712b84515,3219,3219,1.0,572462523,mix/output/572462523,373238,3,True,
FbHdp,15,no_priority,2d805e3ebb3cfe7590fe30678ee0edd5b53b09b1,c006d900bff6747824fdfc6def0d842942ff3c765545d9d5bbeac6c712b84515,3219,3219,1.0,981351652,mix/output/981351652,399191,3,True,
FbHdp,15,no_srpt,2d805e3ebb3cfe7590fe30678ee0edd5b53b09b1,c006d900bff6747824fdfc6def0d842942ff3c765545d9d5bbeac6c712b84515,3219,3219,1.0,593056822,mix/output/593056822,374845,3,True,
FbHdp,15,no_reclaim,2d805e3ebb3cfe7590fe30678ee0edd5b53b09b1,c006d900bff6747824fdfc6def0d842942ff3c765545d9d5bbeac6c712b84515,3219,3219,1.0,132647632,mix/output/132647632,373238,3,True,
FbHdp,15,no_one_rtt,2d805e3ebb3cfe7590fe30678ee0edd5b53b09b1,c006d900bff6747824fdfc6def0d842942ff3c765545d9d5bbeac6c712b84515,3219,3219,1.0,60803437,mix/output/60803437,372687,3,True,
FbHdp,15,no_tail,2d805e3ebb3cfe7590fe30678ee0edd5b53b09b1,c006d900bff6747824fdfc6def0d842942ff3c765545d9d5bbeac6c712b84515,3219,3219,1.0,807522457,mix/output/807522457,373257,3,True,
FbHdp,15,no_remaining,2d805e3ebb3cfe7590fe30678ee0edd5b53b09b1,c006d900bff6747824fdfc6def0d842942ff3c765545d9d5bbeac6c712b84515,3219,3219,1.0,946068556,mix/output/946068556,372784,3,True,
FbHdp,15,no_ack_coalescing,2d805e3ebb3cfe7590fe30678ee0edd5b53b09b1,c006d900bff6747824fdfc6def0d842942ff3c765545d9d5bbeac6c712b84515,3219,3219,1.0,323917761,mix/output/323917761,374883,4,True,
FbHdp,15,no_fixed_window,2d805e3ebb3cfe7590fe30678ee0edd5b53b09b1,c006d900bff6747824fdfc6def0d842942ff3c765545d9d5bbeac6c712b84515,3219,3219,1.0,9736888,mix/output/9736888,371797,3,True,
