1BDP_to_1MB_fct_us_mean,1BDP_to_1MB_fct_us_p95,1BDP_to_1MB_fct_us_p99,1BDP_to_1MB_flow_count,1BDP_to_1MB_slowdown_mean,1BDP_to_1MB_slowdown_p95,1BDP_to_1MB_slowdown_p99,8KB_to_1BDP_fct_us_mean,8KB_to_1BDP_fct_us_p95,8KB_to_1BDP_fct_us_p99,8KB_to_1BDP_flow_count,8KB_to_1BDP_slowdown_mean,8KB_to_1BDP_slowdown_p95,8KB_to_1BDP_slowdown_p99,arm,cdf,completion_releases,elapsed_seconds,failures,flow_count,flow_sha256,git_sha,grant_binding_rate_changes,grant_binding_updates,grant_bytes_sent,grant_event_rate_changes,grants_received,grants_sent,gt_1MB_fct_us_mean,gt_1MB_fct_us_p95,gt_1MB_fct_us_p99,gt_1MB_flow_count,gt_1MB_slowdown_mean,gt_1MB_slowdown_p95,gt_1MB_slowdown_p99,guard_adaptive_grant_updates,guard_concurrency_limited_allocations,guard_concurrency_max_deferred_flows,guard_concurrency_min_bdps,guard_grant_refresh_bdps,guard_min_share_fraction,guard_rebalance_events,guard_receiver_concurrency,guard_remaining_aware,guard_remaining_exponent,guard_remaining_refresh_events,guard_sender_srpt_enabled,guard_sender_srpt_forced_rr,guard_sender_srpt_non_rr,guard_sender_srpt_selections,guard_srpt_quantum_packets,guard_tail_bypass_bdps,guard_tail_bypass_enabled,guard_tail_bypass_feedbacks,guard_tail_bypass_flows,homa_completion_notices_received,homa_completion_notices_sent,homa_data_bytes,homa_data_packets,homa_grants_received,homa_grants_sent,homa_max_pending_messages,homa_messages_completed,homa_messages_tracked,homa_resends_received,homa_resends_sent,homa_retransmit_packets,hpcc_actual_rate_changes,hpcc_fast_computations,hpcc_feedback_updates,hpcc_full_computations,hpcc_rate_updates_applied,hpcc_valid_feedback,int_hops_after_strip,int_hops_before_strip,int_records_stripped,irn_nacks_generated,irn_nacks_received,irn_retransmit_bytes,irn_retransmit_packets,le_8KB_fct_us_mean,le_8KB_fct_us_p95,le_8KB_fct_us_p99,le_8KB_flow_count,le_8KB_slowdown_mean,le_8KB_slowdown_p95,le_8KB_slowdown_p99,long_to_small_slowdown_mean_ratio,max_active_flows,output_bytes,output_dir,output_id,overall_fct_us_mean,overall_fct_us_p95,overall_fct_us_p99,overall_flow_count,overall_slowdown_mean,overall_slowdown_p95,overall_slowdown_p99,passed,pfc_cumulative_pause_ns,pfc_matched_intervals,pfc_max_pause_ns,pfc_pause_count,pfc_pause_events,pfc_resume_count,pfc_resume_events,pfc_unmatched_pauses,pfc_unmatched_resumes,proactive_releases,queue_bytes_max,queue_bytes_mean,queue_bytes_p95,queue_bytes_p99,queue_sample_count,reactive_binding_rate_changes,reactive_binding_updates,recovery_nacks_generated,recovery_nacks_received,registrations,seed,selected_registrations,switch_drops_egress,switch_drops_ingress,switch_drops_total,tie_binding_rate_changes,tie_binding_updates,timeout_recoveries,workload
44.029893081761,134.38154999999992,204.40684999999996,318.0,1.2596088402168117,1.9616186522103551,2.63178185905226,8.866077167859984,14.70624999999999,18.022249999999993,2514.0,1.0304239414645313,1.1148202739536315,1.3117394676757428,guard,AliStorage2019,0.0,3,[],9991,3a47fb81b8af00e5e59370536ae550a8010960af3c67649b4f35d9d7d5c796da,9710c13f5c6f2b1551bead416df08f1f05dd1107,0.0,16.0,417830.0,360.0,4445.0,4445.0,230.6029677419355,418.11279999999977,633.1248299999999,124.0,1.6449541278932356,2.737121989029435,4.27064379288492,0.0,129.0,1.0,12.0,1.0,0.0,0.0,1.0,1.0,1.0,3533.0,1.0,68.0,22335.0,398263.0,64.0,8.0,1.0,22399.0,574.0,0.0,0.0,0.0,0.0,0.0,0.0,0.0,0.0,0.0,0.0,0.0,0.0,185.0,0.0,2301.0,539.0,539.0,620.0,50464.0,98581.0,48117.0,0.0,0.0,0.0,0.0,6.83228130774698,9.115,9.348,7035.0,1.0077137307432595,1.029052156346539,1.0669056307431966,1.6323625229160732,3.0,3133669,mix/output/979639075,979639075,11.305243819437495,15.5375,161.8989,9991.0,1.029354599906753,1.0960393003971154,1.5059710451042665,True,0.0,0.0,0.0,0.0,0.0,0.0,0.0,0.0,0.0,574.0,423078.0,2479.963,0.0,110090.0,400020.0,172.0,172.0,0.0,0.0,574.0,71,574.0,0.0,0.0,0.0,13.0,351.0,0.0,AliStorage2019
48.97732389937107,152.19504999999995,231.82197999999994,318.0,1.4189174567390066,2.6645883613852606,3.6859453106212148,8.976130867143993,15.104949999999995,18.399969999999996,2514.0,1.041577639901469,1.146518290502201,1.3510604796366474,homa,AliStorage2019,0.0,4,[],9991,3a47fb81b8af00e5e59370536ae550a8010960af3c67649b4f35d9d7d5c796da,9710c13f5c6f2b1551bead416df08f1f05dd1107,0.0,0.0,0.0,0.0,0.0,0.0,240.02037903225806,424.66075,774.6617100000001,124.0,1.710395532049409,3.1330011236315576,5.1136749317686245,0.0,0.0,0.0,8.0,1.0,0.0,0.0,0.0,1.0,1.0,0.0,1.0,0.0,0.0,0.0,64.0,8.0,1.0,0.0,0.0,9991.0,9991.0,393291669.0,398263.0,261663.0,261663.0,3.0,9991.0,9991.0,0.0,0.0,0.0,0.0,0.0,0.0,0.0,0.0,0.0,0.0,0.0,0.0,0.0,0.0,0.0,0.0,6.856863397299218,9.171,9.404639999999999,7035.0,1.010207623157241,1.0353456453508132,1.0751553110814418,1.693112873870268,0.0,1109950,mix/output/317575011,317575011,11.624596436793112,15.652999999999999,161.7116000000004,9991.0,1.0397999812672019,1.1111350861322955,1.7326859872331966,True,0.0,0.0,0.0,0.0,0.0,0.0,0.0,0.0,0.0,0.0,486124.0,4089.081,4448.0,136776.0,400020.0,0.0,0.0,0.0,0.0,0.0,71,0.0,0.0,0.0,0.0,0.0,0.0,0.0,AliStorage2019
54.79955974842767,186.6394,265.75562999999966,318.0,1.5468194530844448,2.7614460007554635,3.7737122323088927,10.408066825775657,21.45705,30.713109999999993,2514.0,1.1823616686307035,1.8683797368492425,2.5764347427182486,hpcc,AliStorage2019,0.0,5,[],9991,3a47fb81b8af00e5e59370536ae550a8010960af3c67649b4f35d9d7d5c796da,9710c13f5c6f2b1551bead416df08f1f05dd1107,0.0,0.0,0.0,0.0,0.0,0.0,276.9670564516129,608.8865499999997,1069.3247099999999,124.0,1.9781658893141434,4.266415445529949,7.411451651465646,0.0,0.0,0.0,8.0,1.0,0.0,0.0,0.0,1.0,1.0,0.0,1.0,0.0,0.0,0.0,64.0,8.0,1.0,0.0,0.0,0.0,0.0,0.0,0.0,0.0,0.0,0.0,0.0,0.0,0.0,0.0,0.0,5357.0,0.0,16196.0,6205.0,6205.0,16196.0,0.0,0.0,0.0,0.0,0.0,0.0,0.0,7.703860270078181,14.602800000000002,22.999319999999994,7035.0,1.1116203302826229,1.6834360642403627,2.65042183933396,1.779533744953375,0.0,1247111,mix/output/116131683,116131683,13.225173856470823,23.1305,186.1189000000002,9991.0,1.1540273661126663,1.9033966782351461,2.787426847806649,True,0.0,0.0,0.0,0.0,0.0,0.0,0.0,0.0,0.0,0.0,322528.0,1792.494,470.0,63297.0,400020.0,0.0,0.0,0.0,0.0,0.0,71,0.0,0.0,0.0,0.0,0.0,0.0,0.0,AliStorage2019
43.34857877813505,111.305,169.65399999999997,311.0,1.1991939463122367,1.6432143024358805,2.098447003999285,8.896281102362204,14.361400000000001,18.05022000000001,2540.0,1.0316821386333794,1.1396951367410422,1.2780605099141098,guard,AliStorage2019,0.0,3,[],9596,72d1dfdc0b057bc199f89b38f3ad22b9f10806773b9079d853f85179eadd5282,9710c13f5c6f2b1551bead416df08f1f05dd1107,1.0,16.0,382580.0,352.0,4070.0,4070.0,201.31558878504674,367.99530000000004,444.93371999999994,107.0,1.5014795296464465,2.431502655230115,2.9298696099671364,0.0,114.0,1.0,12.0,1.0,0.0,0.0,1.0,1.0,1.0,3201.0,1.0,58.0,17258.0,370017.0,64.0,8.0,1.0,21521.0,556.0,0.0,0.0,0.0,0.0,0.0,0.0,0.0,0.0,0.0,0.0,0.0,0.0,74.0,0.0,1999.0,389.0,389.0,459.0,45852.0,90260.0,44408.0,0.0,0.0,0.0,0.0,6.829257909008738,9.088149999999999,9.385629999999999,6638.0,1.007380543865098,1.0294223252392012,1.0693960320207123,1.4904789841241117,3.0,1054803,mix/output/165389605,165389605,10.728568570237599,15.34275,138.56684999999933,9596.0,1.025539006802895,1.1053390023937322,1.3825852669509293,True,0.0,0.0,0.0,0.0,0.0,0.0,0.0,0.0,0.0,556.0,251790.0,1446.617,0.0,52634.0,400020.0,68.0,68.0,0.0,0.0,556.0,72,556.0,0.0,0.0,0.0,5.0,305.0,0.0,AliStorage2019
47.06680707395498,134.91899999999998,179.1599,311.0,1.30853019879034,2.2267666844470417,2.5695950535085874,8.999447637795276,14.671900000000006,18.297720000000005,2540.0,1.0424464996668046,1.171979810275228,1.336282366996862,homa,AliStorage2019,0.0,3,[],9596,72d1dfdc0b057bc199f89b38f3ad22b9f10806773b9079d853f85179eadd5282,9710c13f5c6f2b1551bead416df08f1f05dd1107,0.0,0.0,0.0,0.0,0.0,0.0,200.5383738317757,332.0345,443.08677999999986,107.0,1.4986603479294565,2.429558239595787,2.8423736428017174,0.0,0.0,0.0,8.0,1.0,0.0,0.0,0.0,1.0,1.0,0.0,1.0,0.0,0.0,0.0,64.0,8.0,1.0,0.0,0.0,9596.0,9596.0,365249299.0,370017.0,236521.0,236521.0,3.0,9596.0,9596.0,0.0,0.0,0.0,0.0,0.0,0.0,0.0,0.0,0.0,0.0,0.0,0.0,0.0,0.0,0.0,0.0,6.853652756854474,9.14515,9.411,6638.0,1.009807486189859,1.0349171637844878,1.0733483705420492,1.484105008553765,0.0,1087479,mix/output/36250918,36250918,10.884590141725718,15.41625,142.10574999999767,9596.0,1.0335791737738866,1.1203492877851091,1.573699637941674,True,0.0,0.0,0.0,0.0,0.0,0.0,0.0,0.0,0.0,0.0,291557.0,2372.573,3336.0,105836.0,400020.0,0.0,0.0,0.0,0.0,0.0,72,0.0,0.0,0.0,0.0,0.0,0.0,0.0,AliStorage2019
52.12947266881029,163.9145,255.26389999999975,311.0,1.4198413847527709,2.4462437930784215,3.6779425556782694,10.10881220472441,19.33440000000001,25.956180000000018,2540.0,1.1531940684695943,1.6848952522763616,2.327945256709939,hpcc,AliStorage2019,0.0,5,[],9596,72d1dfdc0b057bc199f89b38f3ad22b9f10806773b9079d853f85179eadd5282,9710c13f5c6f2b1551bead416df08f1f05dd1107,0.0,0.0,0.0,0.0,0.0,0.0,231.17046728971965,501.0169000000001,595.8100399999998,107.0,1.7227080277130609,3.365916897559817,4.047536759716497,0.0,0.0,0.0,8.0,1.0,0.0,0.0,0.0,1.0,1.0,0.0,1.0,0.0,0.0,0.0,64.0,8.0,1.0,0.0,0.0,0.0,0.0,0.0,0.0,0.0,0.0,0.0,0.0,0.0,0.0,0.0,0.0,4606.0,0.0,14837.0,5241.0,5241.0,14837.0,0.0,0.0,0.0,0.0,0.0,0.0,0.0,7.460434317565531,12.32304999999999,20.167630000000003,6638.0,1.083634662233054,1.4291789112769793,2.3457166162961123,1.589749837055843,0.0,1209903,mix/output/729871080,729871080,12.103611087953313,21.048250000000003,160.15384999999972,9596.0,1.1200688048602743,1.6666970015979365,2.4363424284886124,True,0.0,0.0,0.0,0.0,0.0,0.0,0.0,0.0,0.0,0.0,257904.0,1304.276,0.0,42250.0,400020.0,0.0,0.0,0.0,0.0,0.0,72,0.0,0.0,0.0,0.0,0.0,0.0,0.0,AliStorage2019
46.92328965517242,114.82565000000007,270.3095700000002,290.0,1.2322149145486871,1.8262720715355325,3.0180429679559158,9.027705371248025,14.669349999999996,17.690880000000007,2532.0,1.0300060768563701,1.1175010464540729,1.268318847436105,guard,AliStorage2019,0.0,3,[],9551,0a6fd69bfc041c01cc9a56c6fb1462964b3789cecc0b7f8375366e155e319c83,9710c13f5c6f2b1551bead416df08f1f05dd1107,0.0,24.0,431836.0,495.0,4594.0,4594.0,225.28456716417912,447.83604999999994,606.5980599999989,134.0,1.7059105945601716,3.556775675467813,4.105541926272576,0.0,131.0,1.0,12.0,1.0,0.0,0.0,1.0,1.0,1.0,3609.0,1.0,72.0,23108.0,403661.0,64.0,8.0,1.0,23355.0,580.0,0.0,0.0,0.0,0.0,0.0,0.0,0.0,0.0,0.0,0.0,0.0,0.0,131.0,0.0,2403.0,518.0,518.0,607.0,51824.0,100539.0,48715.0,0.0,0.0,0.0,0.0,6.839836391205458,9.1143,9.403060000000002,6595.0,1.0079677725494711,1.0305151797783156,1.0666397973120354,1.692425731276488,3.0,1051385,mix/output/691818524,691818524,11.701681185216207,15.745000000000001,161.715,9551.0,1.0304111811804286,1.0983310178114343,1.446175067941768,True,0.0,0.0,0.0,0.0,0.0,0.0,0.0,0.0,0.0,580.0,495950.0,2544.177,0.0,109000.0,400020.0,126.0,126.0,0.0,0.0,580.0,73,580.0,0.0,0.0,0.0,5.0,368.0,0.0,AliStorage2019
53.67486206896552,148.48640000000015,245.48182000000057,290.0,1.462872806313135,2.853409798463364,4.108069119244198,9.13387954186414,15.013149999999992,18.176650000000002,2532.0,1.040633227673501,1.1508260807042583,1.298095778055862,homa,AliStorage2019,0.0,4,[],9551,0a6fd69bfc041c01cc9a56c6fb1462964b3789cecc0b7f8375366e155e319c83,9710c13f5c6f2b1551bead416df08f1f05dd1107,0.0,0.0,0.0,0.0,0.0,0.0,232.75423880597015,500.1258999999999,647.109459999999,134.0,1.7721529118064543,3.5180894225152644,5.2456486842267935,0.0,0.0,0.0,8.0,1.0,0.0,0.0,0.0,1.0,1.0,0.0,1.0,0.0,0.0,0.0,64.0,8.0,1.0,0.0,0.0,9551.0,9551.0,398903288.0,403661.0,269577.0,269577.0,3.0,9551.0,9551.0,0.0,0.0,0.0,0.0,0.0,0.0,0.0,0.0,0.0,0.0,0.0,0.0,0.0,0.0,0.0,0.0,6.864624564063685,9.1633,9.423180000000002,6595.0,1.0105215902426063,1.0353858416173876,1.0721354410053812,1.7537011865139815,0.0,1081380,mix/output/676524733,676524733,12.056743796461104,16.0185,168.28300000000002,9551.0,1.0429248062121421,1.1175260702673362,1.8287875700028398,True,0.0,0.0,0.0,0.0,0.0,0.0,0.0,0.0,0.0,0.0,548216.0,4290.032,5560.0,140112.0,400020.0,0.0,0.0,0.0,0.0,0.0,73,0.0,0.0,0.0,0.0,0.0,0.0,0.0,AliStorage2019
57.77765172413793,166.24650000000003,252.88677000000092,290.0,1.5374987562104951,2.6084348669803976,3.689405618916164,10.759962875197472,21.806299999999997,32.03803000000002,2532.0,1.2005275073582968,1.984899998925087,2.6907666187635955,hpcc,AliStorage2019,0.0,5,[],9551,0a6fd69bfc041c01cc9a56c6fb1462964b3789cecc0b7f8375366e155e319c83,9710c13f5c6f2b1551bead416df08f1f05dd1107,0.0,0.0,0.0,0.0,0.0,0.0,278.7985074626866,589.8074499999997,1171.2255499999942,134.0,2.1129947483648848,4.229549978530967,8.63711538828845,0.0,0.0,0.0,8.0,1.0,0.0,0.0,0.0,1.0,1.0,0.0,1.0,0.0,0.0,0.0,64.0,8.0,1.0,0.0,0.0,0.0,0.0,0.0,0.0,0.0,0.0,0.0,0.0,0.0,0.0,0.0,0.0,5634.0,0.0,16017.0,6466.0,6466.0,16017.0,0.0,0.0,0.0,0.0,0.0,0.0,0.0,7.7517272175890835,14.671800000000005,22.19400000000006,6595.0,1.1165579745609913,1.6860867341916244,2.5441095242346377,1.8924183038464018,0.0,1212728,mix/output/247415514,247415514,13.870943984923045,23.872,185.8615,9551.0,1.165579669819169,1.954238184748054,2.8790867541631195,True,0.0,0.0,0.0,0.0,0.0,0.0,0.0,0.0,0.0,0.0,416501.0,1875.393,1090.0,66894.0,400020.0,0.0,0.0,0.0,0.0,0.0,73,0.0,0.0,0.0,0.0,0.0,0.0,0.0,AliStorage2019
47.67582534246576,124.15159999999992,226.05102999999826,292.0,1.2448872906327977,1.81245065028018,2.6360922116350496,8.950520769230769,14.625350000000001,18.216130000000003,2600.0,1.0303030968115399,1.1140794436720134,1.2827859889195254,guard,AliStorage2019,0.0,3,[],9860,867b909fb5fe8adad07da2d939f2cb1addc50baa601a43d06f67f022ebd528b6,9710c13f5c6f2b1551bead416df08f1f05dd1107,1.0,28.0,459190.0,402.0,4885.0,4885.0,222.10190070921985,343.87,613.5837999999992,141.0,1.6442542502404907,2.7653351933354293,3.6323489329995593,0.0,168.0,2.0,12.0,1.0,0.0,0.0,1.0,1.0,1.0,3927.0,1.0,59.0,28615.0,423074.0,64.0,8.0,1.0,23478.0,550.0,0.0,0.0,0.0,0.0,0.0,0.0,0.0,0.0,0.0,0.0,0.0,0.0,146.0,0.0,2661.0,543.0,543.0,634.0,51936.0,102830.0,50894.0,0.0,0.0,0.0,0.0,6.781029588399004,9.115,9.400959999999998,6827.0,1.007953829888911,1.0308097756352956,1.0704684882839186,1.6312793319329992,3.0,1082540,mix/output/705207846,705207846,11.643321703853955,15.573149999999998,172.55781999999996,9860.0,1.0299630615121993,1.1017066262467887,1.4807665946678814,True,0.0,0.0,0.0,0.0,0.0,0.0,0.0,0.0,0.0,550.0,376050.0,2462.172,254.0,111180.0,400020.0,139.0,139.0,0.0,0.0,550.0,74,550.0,0.0,0.0,0.0,6.0,376.0,0.0,AliStorage2019
56.29944178082192,162.65269999999995,328.2418399999978,292.0,1.4612593200665132,3.0263573579951872,4.631194764115132,9.104796538461539,15.325149999999999,19.71909,2600.0,1.0439565254294059,1.1491895780801449,1.4163295223716357,homa,AliStorage2019,0.0,4,[],9860,867b909fb5fe8adad07da2d939f2cb1addc50baa601a43d06f67f022ebd528b6,9710c13f5c6f2b1551bead416df08f1f05dd1107,0.0,0.0,0.0,0.0,0.0,0.0,228.14358865248226,427.058,602.7005999999997,141.0,1.6938942545882794,3.1688951491962047,4.15994972450787,0.0,0.0,0.0,8.0,1.0,0.0,0.0,0.0,1.0,1.0,0.0,1.0,0.0,0.0,0.0,64.0,8.0,1.0,0.0,0.0,9860.0,9860.0,418154910.0,423074.0,286767.0,286767.0,3.0,9860.0,9860.0,0.0,0.0,0.0,0.0,0.0,0.0,0.0,0.0,0.0,0.0,0.0,0.0,0.0,0.0,0.0,0.0,6.812918851618573,9.194,9.568,6827.0,1.0114176727475779,1.0406043122261668,1.0885393042222278,1.6747722530759346,0.0,1116506,mix/output/906593820,906593820,12.047865212981744,16.162599999999976,172.84823999999998,9860.0,1.0430793336024886,1.1175715805228665,1.8135512727288268,True,0.0,0.0,0.0,0.0,0.0,0.0,0.0,0.0,0.0,0.0,478160.0,4262.083,6049.0,139000.0,400020.0,0.0,0.0,0.0,0.0,0.0,74,0.0,0.0,0.0,0.0,0.0,0.0,0.0,AliStorage2019
66.76241780821918,196.4034999999999,414.2794699999978,292.0,1.6450430475265068,2.9870701760703167,5.901459049535268,10.691863076923077,21.944200000000002,29.469130000000046,2600.0,1.2010923377548641,1.9297320716580297,2.562196866204979,hpcc,AliStorage2019,0.0,5,[],9860,867b909fb5fe8adad07da2d939f2cb1addc50baa601a43d06f67f022ebd528b6,9710c13f5c6f2b1551bead416df08f1f05dd1107,0.0,0.0,0.0,0.0,0.0,0.0,270.31421985815604,527.175,1026.0635999999977,141.0,2.0022305994655394,3.9531297043415425,6.724995021804987,0.0,0.0,0.0,8.0,1.0,0.0,0.0,0.0,1.0,1.0,0.0,1.0,0.0,0.0,0.0,64.0,8.0,1.0,0.0,0.0,0.0,0.0,0.0,0.0,0.0,0.0,0.0,0.0,0.0,0.0,0.0,0.0,5875.0,0.0,16965.0,7105.0,7105.0,16965.0,0.0,0.0,0.0,0.0,0.0,0.0,0.0,7.648410429178262,14.301899999999996,21.67265999999998,6827.0,1.1115660534208294,1.6577194596983658,2.4698370226774804,1.80127001297287,0.0,1248468,mix/output/86510778,86510778,13.957755882352942,22.956849999999942,195.1097999999999,9860.0,1.1637087839015243,1.901228054406809,2.728874114326212,True,0.0,0.0,0.0,0.0,0.0,0.0,0.0,0.0,0.0,0.0,492688.0,1850.829,1090.0,62130.0,400020.0,0.0,0.0,0.0,0.0,0.0,74,0.0,0.0,0.0,0.0,0.0,0.0,0.0,AliStorage2019
40.00366881028939,105.141,158.36549999999994,311.0,1.1854633701509882,1.6608051269129978,2.284569134990891,8.918037634408602,14.748549999999998,18.095489999999998,2604.0,1.0322439762408373,1.1346791202275663,1.3094116373435989,guard,AliStorage2019,0.0,3,[],9863,cfea3a63410b7ec7e6a26b4ad9112c475589d10fb9a6c7ed6fe19ff6b75d3c11,9710c13f5c6f2b1551bead416df08f1f05dd1107,0.0,4.0,417454.0,197.0,4441.0,4441.0,203.1536865671642,420.3986499999997,615.8386399999988,134.0,1.5149837110295847,2.8373772692106742,4.227891826081182,0.0,55.0,1.0,12.0,1.0,0.0,0.0,1.0,1.0,1.0,3674.0,1.0,62.0,21111.0,403040.0,64.0,8.0,1.0,22631.0,597.0,0.0,0.0,0.0,0.0,0.0,0.0,0.0,0.0,0.0,0.0,0.0,0.0,107.0,0.0,2447.0,468.0,468.0,541.0,48008.0,96617.0,48609.0,0.0,0.0,0.0,0.0,6.820754769592017,9.106,9.40187,6814.0,1.0077397964345163,1.0306517382995009,1.0701977678367645,1.503348102744129,3.0,1082361,mix/output/723739741,723739741,11.08820115583494,15.6107,143.98891999999915,9863.0,1.0267047766836517,1.1032574517564073,1.3415413277292427,True,0.0,0.0,0.0,0.0,0.0,0.0,0.0,0.0,0.0,597.0,464340.0,2003.124,0.0,76300.0,400020.0,101.0,101.0,0.0,0.0,597.0,75,597.0,0.0,0.0,0.0,6.0,363.0,0.0,AliStorage2019
47.8721961414791,139.952,265.7811999999997,311.0,1.3815883590647533,2.8560683534179327,4.024758159661944,9.02882450076805,14.896899999999999,18.407199999999968,2604.0,1.043367238807245,1.1703393706071155,1.3562513168358419,homa,AliStorage2019,0.0,4,[],9863,cfea3a63410b7ec7e6a26b4ad9112c475589d10fb9a6c7ed6fe19ff6b75d3c11,9710c13f5c6f2b1551bead416df08f1f05dd1107,0.0,0.0,0.0,0.0,0.0,0.0,203.3746343283582,457.8632499999998,566.6468899999998,134.0,1.518549882035448,3.054573255651515,4.133574903871456,0.0,0.0,0.0,8.0,1.0,0.0,0.0,0.0,1.0,1.0,0.0,1.0,0.0,0.0,0.0,64.0,8.0,1.0,0.0,0.0,9863.0,9863.0,398101700.0,403040.0,265767.0,265767.0,2.0,9863.0,9863.0,0.0,0.0,0.0,0.0,0.0,0.0,0.0,0.0,0.0,0.0,0.0,0.0,0.0,0.0,0.0,0.0,6.844848693865571,9.16535,9.45361,6814.0,1.0101970931972983,1.0360604113976115,1.0761064140197525,1.5032213933908687,0.0,1109198,mix/output/126410777,126410777,11.385208557234108,15.766199999999985,152.27067999999963,9863.0,1.037571828729833,1.1189845374271261,1.5658919981614945,True,0.0,0.0,0.0,0.0,0.0,0.0,0.0,0.0,0.0,0.0,524864.0,3163.372,3336.0,123432.0,400020.0,0.0,0.0,0.0,0.0,0.0,75,0.0,0.0,0.0,0.0,0.0,0.0,0.0,AliStorage2019
50.36495819935691,149.64600000000002,253.93609999999927,311.0,1.4275965792852718,2.305855963471555,3.7601449682578716,10.302489631336407,19.91919999999999,27.853339999999893,2604.0,1.1702579653268645,1.7418713108187864,2.3531248353428578,hpcc,AliStorage2019,0.0,5,[],9863,cfea3a63410b7ec7e6a26b4ad9112c475589d10fb9a6c7ed6fe19ff6b75d3c11,9710c13f5c6f2b1551bead416df08f1f05dd1107,0.0,0.0,0.0,0.0,0.0,0.0,231.4081343283582,522.7995000000001,840.895749999998,134.0,1.722994029642333,3.5139157711811597,6.4472429949247285,0.0,0.0,0.0,8.0,1.0,0.0,0.0,0.0,1.0,1.0,0.0,1.0,0.0,0.0,0.0,64.0,8.0,1.0,0.0,0.0,0.0,0.0,0.0,0.0,0.0,0.0,0.0,0.0,0.0,0.0,0.0,0.0,5061.0,0.0,15911.0,6048.0,6048.0,15911.0,0.0,0.0,0.0,0.0,0.0,0.0,0.0,7.537774581743469,13.367950000000008,19.79687,6814.0,1.0936231013709932,1.5476953585405033,2.290604974560651,1.5754916181656593,0.0,1247464,mix/output/488150977,488150977,12.659664503700698,21.120799999999985,157.64185999999907,9863.0,1.1329375738196183,1.7340185428298311,2.3971570466148675,True,0.0,0.0,0.0,0.0,0.0,0.0,0.0,0.0,0.0,0.0,366281.0,1411.282,0.0,46989.0,400020.0,0.0,0.0,0.0,0.0,0.0,75,0.0,0.0,0.0,0.0,0.0,0.0,0.0,AliStorage2019
51.24473684210526,101.95454999999998,141.63629000000012,38.0,1.0866117963707187,1.1295311110216097,1.6766063021163646,9.66918556701031,14.665000000000001,15.719000000000005,97.0,1.0176580064836285,1.049716388081215,1.058708705634606,guard,WebSearch,0.0,2,[],231,502e7fd94cc88e0a0ff7ffb1991cad7658bb44e931da986ba9f1ef86fe0a22e8,9710c13f5c6f2b1551bead416df08f1f05dd1107,1.0,55.0,504686.0,55.0,5369.0,5369.0,623.615578125,2292.7196,2838.976119999999,64.0,1.3267946017314325,2.1732368652454332,2.635587025096232,0.0,139.0,2.0,12.0,1.0,0.0,0.0,1.0,1.0,1.0,5082.0,1.0,62.0,18222.0,371906.0,64.0,8.0,1.0,6676.0,116.0,0.0,0.0,0.0,0.0,0.0,0.0,0.0,0.0,0.0,0.0,0.0,0.0,395.0,0.0,5037.0,1623.0,1623.0,1654.0,48152.0,94509.0,46357.0,0.0,0.0,0.0,0.0,6.63225,8.978950000000001,9.062079999999998,32.0,1.0036308127941194,1.0202075712843242,1.0259874969895615,1.3219946865098946,3.0,1027326,mix/output/250252384,250252384,186.18545454545458,897.6659999999999,2352.3602999999994,231.0,1.1127061273213106,1.649459020904838,2.2650792499188883,True,0.0,0.0,0.0,0.0,0.0,0.0,0.0,0.0,0.0,116.0,235440.0,1127.894,0.0,39240.0,400020.0,361.0,361.0,0.0,0.0,116.0,71,116.0,0.0,0.0,0.0,33.0,1207.0,0.0,WebSearch
56.100473684210534,117.29814999999998,160.0554100000001,38.0,1.20372460407658,2.064011163576909,2.431354470924148,9.856618556701031,15.199200000000001,16.749960000000033,97.0,1.0332844769767042,1.076922698866472,1.1036861280666248,homa,WebSearch,0.0,3,[],231,502e7fd94cc88e0a0ff7ffb1991cad7658bb44e931da986ba9f1ef86fe0a22e8,9710c13f5c6f2b1551bead416df08f1f05dd1107,0.0,0.0,0.0,0.0,0.0,0.0,633.953,2439.2087500000002,2767.8752599999993,64.0,1.3383952762971743,2.2246088377428674,3.066274192897991,0.0,0.0,0.0,8.0,1.0,0.0,0.0,0.0,1.0,1.0,0.0,1.0,0.0,0.0,0.0,64.0,8.0,1.0,0.0,0.0,231.0,231.0,371799341.0,371906.0,360272.0,360272.0,2.0,231.0,231.0,0.0,0.0,0.0,0.0,0.0,0.0,0.0,0.0,0.0,0.0,0.0,0.0,0.0,0.0,0.0,0.0,6.66759375,9.047699999999999,9.126169999999998,32.0,1.0075934259325263,1.0346579802820859,1.0375443416645744,1.3283088613430474,0.0,50405,mix/output/344685528,344685528,189.9318831168831,938.7345,2551.546899999998,231.0,1.1422961754740708,1.7157538828550165,2.4744964982288375,True,0.0,0.0,0.0,0.0,0.0,0.0,0.0,0.0,0.0,0.0,354728.0,2317.148,1112.0,123432.0,400020.0,0.0,0.0,0.0,0.0,0.0,71,0.0,0.0,0.0,0.0,0.0,0.0,0.0,WebSearch
60.57342105263158,136.89964999999995,187.32580000000013,38.0,1.3007319625305982,2.043777094543541,2.260653437717558,10.780731958762887,19.591400000000004,28.780360000000005,97.0,1.111021133527456,1.5398605757640704,1.8848477050496362,hpcc,WebSearch,0.0,3,[],231,502e7fd94cc88e0a0ff7ffb1991cad7658bb44e931da986ba9f1ef86fe0a22e8,9710c13f5c6f2b1551bead416df08f1f05dd1107,0.0,0.0,0.0,0.0,0.0,0.0,754.249515625,2772.3005500000004,3655.1667199999974,64.0,1.742857847435559,2.4590382026892508,8.911459816870078,0.0,0.0,0.0,8.0,1.0,0.0,0.0,0.0,1.0,1.0,0.0,1.0,0.0,0.0,0.0,64.0,8.0,1.0,0.0,0.0,0.0,0.0,0.0,0.0,0.0,0.0,0.0,0.0,0.0,0.0,0.0,0.0,6400.0,0.0,7992.0,7761.0,7761.0,7992.0,0.0,0.0,0.0,0.0,0.0,0.0,0.0,6.83584375,9.58515,10.532720000000001,32.0,1.031328769584595,1.1196939737014888,1.2072333060965847,1.68991489313108,0.0,50046,mix/output/804566252,804566252,224.4079523809524,1043.5320000000002,3095.328699999995,231.0,1.3062436683589123,2.0377428341918713,2.5077536546336656,True,0.0,0.0,0.0,0.0,0.0,0.0,0.0,0.0,0.0,0.0,218000.0,310.88,0.0,2180.0,400020.0,0.0,0.0,0.0,0.0,0.0,71,0.0,0.0,0.0,0.0,0.0,0.0,0.0,WebSearch
41.14875,94.18015,104.58104,28.0,1.0619747801515682,1.1085199420907637,1.1532628142742647,9.167666666666666,13.163199999999998,15.131920000000001,69.0,1.0141029498985978,1.0440330546480965,1.0543154383445963,guard,WebSearch,0.0,2,[],187,0bca6fb5d4729ccac7d14b40038b1a9bba8b6ec31f434b78b260cacedc3b1afc,9710c13f5c6f2b1551bead416df08f1f05dd1107,2.0,111.0,598028.0,57.0,6362.0,6362.0,612.96,1718.6126000000006,4111.203560000001,67.0,1.224433068044461,1.8450227169017985,2.09248934563463,0.0,220.0,1.0,12.0,1.0,0.0,0.0,1.0,1.0,1.0,6010.0,1.0,188.0,32284.0,380764.0,64.0,8.0,1.0,6268.0,104.0,0.0,0.0,0.0,0.0,0.0,0.0,0.0,0.0,0.0,0.0,0.0,0.0,138.0,0.0,6190.0,862.0,862.0,895.0,29490.0,77057.0,47567.0,0.0,0.0,0.0,0.0,5.961173913043479,8.9948,9.05872,23.0,1.0030125089791597,1.0119759458727038,1.0186396437759178,1.2207555310458267,2.0,48843,mix/output/440951112,440951112,229.8939090909091,1026.093699999999,2833.525559999981,187.0,1.0952657788916937,1.5773098816127207,1.8721676065124315,True,0.0,0.0,0.0,0.0,0.0,0.0,0.0,0.0,0.0,104.0,226720.0,390.851,0.0,1090.0,400020.0,127.0,127.0,0.0,0.0,104.0,72,104.0,0.0,0.0,0.0,9.0,624.0,0.0,WebSearch
42.87335714285714,95.9675,105.70054,28.0,1.1224141073580012,1.5824609293649996,1.7114640540210815,9.264304347826087,13.6634,15.461159999999996,69.0,1.0239009562285486,1.0676569075082099,1.0910926320738044,homa,WebSearch,0.0,3,[],187,0bca6fb5d4729ccac7d14b40038b1a9bba8b6ec31f434b78b260cacedc3b1afc,9710c13f5c6f2b1551bead416df08f1f05dd1107,0.0,0.0,0.0,0.0,0.0,0.0,611.0435671641791,1672.4300000000003,4036.0975800000006,67.0,1.2284961358348931,2.080128315425105,2.657606402734051,0.0,0.0,0.0,8.0,1.0,0.0,0.0,0.0,1.0,1.0,0.0,1.0,0.0,0.0,0.0,64.0,8.0,1.0,0.0,0.0,187.0,187.0,380679368.0,380765.0,370973.0,370973.0,2.0,187.0,187.0,1.0,1.0,1.0,0.0,0.0,0.0,0.0,0.0,0.0,0.0,0.0,0.0,0.0,0.0,0.0,0.0,5.9631739130434775,9.0157,9.0649,23.0,1.0025690987038616,1.0145895366623716,1.0195449875400369,1.2253480956306293,0.0,48815,mix/output/479536965,479536965,229.5014064171123,1020.9656999999997,2699.7751799999796,187.0,1.109332039341821,1.5726362879019744,2.1658969171873528,True,0.0,0.0,0.0,0.0,0.0,0.0,0.0,0.0,0.0,0.0,240192.0,1167.81,0.0,17792.0,400020.0,0.0,0.0,0.0,0.0,0.0,72,0.0,0.0,0.0,0.0,0.0,0.0,0.0,WebSearch
47.69153571428571,109.88839999999999,119.62004,28.0,1.2693380849400182,1.8030312409753053,1.931673091182054,9.9898115942029,16.2644,20.56491999999998,69.0,1.0984049613505698,1.538148862310221,1.6308308103297047,hpcc,WebSearch,0.0,3,[],187,0bca6fb5d4729ccac7d14b40038b1a9bba8b6ec31f434b78b260cacedc3b1afc,9710c13f5c6f2b1551bead416df08f1f05dd1107,0.0,0.0,0.0,0.0,0.0,0.0,711.0275223880597,1801.5239000000001,4046.72434,67.0,1.554243117086349,3.284648454761472,4.5588565481530114,0.0,0.0,0.0,8.0,1.0,0.0,0.0,0.0,1.0,1.0,0.0,1.0,0.0,0.0,0.0,64.0,8.0,1.0,0.0,0.0,0.0,0.0,0.0,0.0,0.0,0.0,0.0,0.0,0.0,0.0,0.0,0.0,6580.0,0.0,9176.0,8989.0,8989.0,9176.0,0.0,0.0,0.0,0.0,0.0,0.0,0.0,6.02204347826087,8.9948,9.409720000000002,23.0,1.013391156206832,1.0733438828328752,1.083915859044087,1.5337050334087676,0.0,48861,mix/output/207400818,207400818,266.32091443850265,1265.2089999999998,2812.646979999981,187.0,1.2768646745938628,2.0441191164269195,4.032252220738342,True,0.0,0.0,0.0,0.0,0.0,0.0,0.0,0.0,0.0,0.0,122080.0,169.586,0.0,1090.0,400020.0,0.0,0.0,0.0,0.0,0.0,72,0.0,0.0,0.0,0.0,0.0,0.0,0.0,WebSearch
48.684514285714286,95.5075,134.0272199999998,35.0,1.0888348789289741,1.2089464281925708,1.6661274283318193,10.045505263157894,15.072300000000002,15.281600000000003,95.0,1.0180718097801869,1.0438369674391292,1.058354788611279,guard,WebSearch,0.0,2,[],212,f8cec233c33e0767541d1df5fff3c8b9cd645ae69e1b0ebd326ca187c92758b8,9710c13f5c6f2b1551bead416df08f1f05dd1107,0.0,68.0,462574.0,32.0,4921.0,4921.0,624.0229482758621,2265.63175,2458.82111,58.0,1.3133012819738634,2.021919875375575,2.2406398481606185,0.0,109.0,2.0,12.0,1.0,0.0,0.0,1.0,1.0,1.0,4682.0,1.0,133.0,11844.0,349403.0,64.0,8.0,1.0,6469.0,106.0,0.0,0.0,0.0,0.0,0.0,0.0,0.0,0.0,0.0,0.0,0.0,0.0,338.0,0.0,4548.0,1539.0,1539.0,1574.0,47620.0,91141.0,43521.0,0.0,0.0,0.0,0.0,7.315833333333334,8.943200000000001,8.980260000000001,24.0,1.004475394470052,1.0141211251756412,1.0261851865559966,1.3074499277971303,3.0,50877,mix/output/698524314,698524314,184.0905283018868,832.6252499999999,2304.056249999999,212.0,1.1089855024216848,1.7976033694891984,2.0765444232628925,True,0.0,0.0,0.0,0.0,0.0,0.0,0.0,0.0,0.0,106.0,288850.0,935.539,0.0,18530.0,400020.0,312.0,312.0,0.0,0.0,106.0,73,106.0,0.0,0.0,0.0,26.0,1159.0,0.0,WebSearch
54.252457142857146,110.51039999999992,152.06533999999988,35.0,1.2652388071049148,2.088501191141706,2.703245182521634,10.318326315789474,16.1208,17.131500000000003,95.0,1.0405370253952726,1.1149650582102624,1.4065430778434773,homa,WebSearch,0.0,3,[],212,f8cec233c33e0767541d1df5fff3c8b9cd645ae69e1b0ebd326ca187c92758b8,9710c13f5c6f2b1551bead416df08f1f05dd1107,0.0,0.0,0.0,0.0,0.0,0.0,639.1065862068965,2244.7364000000002,2590.0949699999996,58.0,1.3400020358464713,2.158402064252896,2.240576080397801,0.0,0.0,0.0,8.0,1.0,0.0,0.0,0.0,1.0,1.0,0.0,1.0,0.0,0.0,0.0,64.0,8.0,1.0,0.0,0.0,212.0,212.0,349297195.0,349403.0,338068.0,338068.0,3.0,212.0,212.0,0.0,0.0,0.0,0.0,0.0,0.0,0.0,0.0,0.0,0.0,0.0,0.0,0.0,0.0,0.0,0.0,7.343125000000001,8.952650000000002,8.96778,24.0,1.0074520346713884,1.022586118808819,1.0269801171023127,1.3300901578739224,0.0,51357,mix/output/20569777,20569777,189.26176415094338,867.7311999999998,2278.669839999999,212.0,1.1558176536435452,2.0431129612330015,2.201355988445139,True,0.0,0.0,0.0,0.0,0.0,0.0,0.0,0.0,0.0,0.0,296310.0,1970.712,0.0,116760.0,400020.0,0.0,0.0,0.0,0.0,0.0,73,0.0,0.0,0.0,0.0,0.0,0.0,0.0,WebSearch
53.90588571428571,104.39369999999998,127.20207999999991,35.0,1.2748364449637868,1.9790482180032516,2.4226708127711403,11.732157894736842,22.255899999999997,28.433960000000013,95.0,1.1627985825501153,1.5303904466516187,2.415856391467353,hpcc,WebSearch,0.0,3,[],212,f8cec233c33e0767541d1df5fff3c8b9cd645ae69e1b0ebd326ca187c92758b8,9710c13f5c6f2b1551bead416df08f1f05dd1107,0.0,0.0,0.0,0.0,0.0,0.0,697.1900172413793,2300.8741999999997,2837.6824399999996,58.0,1.4614523041966172,2.2167303923370927,2.4455258971390776,0.0,0.0,0.0,8.0,1.0,0.0,0.0,0.0,1.0,1.0,0.0,1.0,0.0,0.0,0.0,64.0,8.0,1.0,0.0,0.0,0.0,0.0,0.0,0.0,0.0,0.0,0.0,0.0,0.0,0.0,0.0,0.0,5876.0,0.0,6811.0,6599.0,6599.0,6811.0,0.0,0.0,0.0,0.0,0.0,0.0,0.0,7.488499999999999,9.40645,9.74963,24.0,1.0282180528601246,1.0992593187523023,1.110436195276442,1.421344723652142,0.0,50880,mix/output/123656015,123656015,205.74531132075472,927.891749999998,2369.211719999999,212.0,1.2477670180567937,2.135433244107146,2.4495538635939234,True,0.0,0.0,0.0,0.0,0.0,0.0,0.0,0.0,0.0,0.0,186436.0,255.003,0.0,1090.0,400020.0,0.0,0.0,0.0,0.0,0.0,73,0.0,0.0,0.0,0.0,0.0,0.0,0.0,WebSearch
44.40844736842105,94.7417,105.09479000000003,38.0,1.0747420489288702,1.2085983807755927,1.294385406682375,10.891223529411764,15.0604,15.884519999999998,85.0,1.0300260887807338,1.049695834247072,1.164560954226966,guard,WebSearch,0.0,3,[],215,2d3493f3ca954044141c2322a7b5c3f69cc3dad2cbfb2442c32ca33475fb22ae,9710c13f5c6f2b1551bead416df08f1f05dd1107,10.0,114.0,454302.0,100.0,4833.0,4833.0,1138.5107230769231,3893.3245999999995,6723.195399999998,65.0,2.1929987071217636,4.784426027908128,5.107851468179621,0.0,361.0,2.0,12.0,1.0,0.0,0.0,1.0,1.0,1.0,4288.0,1.0,35.0,16627.0,384754.0,64.0,8.0,1.0,7744.0,119.0,0.0,0.0,0.0,0.0,0.0,0.0,0.0,0.0,0.0,0.0,0.0,0.0,2145.0,0.0,4633.0,3129.0,3129.0,3179.0,75238.0,123201.0,47963.0,0.0,0.0,0.0,0.0,5.747962962962963,8.829,8.87562,27.0,1.005933690901115,1.0236155047039972,1.032038410486511,2.180062887800563,3.0,49664,mix/output/243187230,243187230,357.07752093023254,1979.8165000000013,5301.961800000022,215.0,1.3865001908042054,3.388793893279166,4.810521957780154,True,0.0,0.0,0.0,0.0,0.0,0.0,0.0,0.0,0.0,119.0,526470.0,6048.958,1090.0,212550.0,400020.0,1972.0,1972.0,0.0,0.0,119.0,74,119.0,0.0,0.0,0.0,163.0,1043.0,0.0,WebSearch
68.177,241.1344999999999,370.1139900000003,38.0,1.54253142404039,4.40869462470338,5.466949338087737,11.115764705882354,15.697,16.939959999999996,85.0,1.046087679472421,1.0877978939329531,1.2817007926305481,homa,WebSearch,0.0,3,[],215,2d3493f3ca954044141c2322a7b5c3f69cc3dad2cbfb2442c32ca33475fb22ae,9710c13f5c6f2b1551bead416df08f1f05dd1107,0.0,0.0,0.0,0.0,0.0,0.0,1353.1182461538463,4858.4944,7564.74008,65.0,2.655348993346667,6.537506697307723,9.288573938054672,0.0,0.0,0.0,8.0,1.0,0.0,0.0,0.0,1.0,1.0,0.0,1.0,0.0,0.0,0.0,64.0,8.0,1.0,0.0,0.0,215.0,215.0,384644640.0,384755.0,371892.0,371892.0,3.0,215.0,215.0,1.0,1.0,1.0,0.0,0.0,0.0,0.0,0.0,0.0,0.0,0.0,0.0,0.0,0.0,0.0,0.0,5.768148148148149,8.872900000000001,8.921119999999998,27.0,1.0082121867361087,1.0272830367817707,1.0375698449206205,2.6337203896957884,0.0,49710,mix/output/506829265,506829265,426.25112558139534,2713.9034,5942.177480000017,215.0,1.6155956301306929,4.943601960549174,7.093717773195249,True,0.0,0.0,0.0,0.0,0.0,0.0,0.0,0.0,0.0,0.0,827328.0,15797.697,41144.0,479272.0,400020.0,0.0,0.0,0.0,0.0,0.0,74,0.0,0.0,0.0,0.0,0.0,0.0,0.0,WebSearch
59.329789473684215,124.97254999999996,170.60134000000008,38.0,1.42347156837952,2.1398274845552456,2.495082132538882,12.973176470588236,22.789399999999997,29.022719999999993,85.0,1.1956649015280973,1.7325834945892802,2.158427637266436,hpcc,WebSearch,0.0,4,[],215,2d3493f3ca954044141c2322a7b5c3f69cc3dad2cbfb2442c32ca33475fb22ae,9710c13f5c6f2b1551bead416df08f1f05dd1107,0.0,0.0,0.0,0.0,0.0,0.0,1249.5255692307692,4190.120199999999,8598.989559999996,65.0,2.362276245768372,5.34482899146551,8.325948717738099,0.0,0.0,0.0,8.0,1.0,0.0,0.0,0.0,1.0,1.0,0.0,1.0,0.0,0.0,0.0,64.0,8.0,1.0,0.0,0.0,0.0,0.0,0.0,0.0,0.0,0.0,0.0,0.0,0.0,0.0,0.0,0.0,9482.0,0.0,9908.0,9693.0,9693.0,9908.0,0.0,0.0,0.0,0.0,0.0,0.0,0.0,5.961037037037038,9.1607,9.22952,27.0,1.0473352340046242,1.0979299107107527,1.414213083560629,2.255511100047592,0.0,49599,mix/output/521084350,521084350,394.12726511627903,1819.0924,5114.480880000014,215.0,1.5699974117273445,3.1117692704730526,5.769561412274113,True,0.0,0.0,0.0,0.0,0.0,0.0,0.0,0.0,0.0,0.0,219090.0,687.93,0.0,13080.0,400020.0,0.0,0.0,0.0,0.0,0.0,74,0.0,0.0,0.0,0.0,0.0,0.0,0.0,WebSearch
57.13741666666667,156.12374999999997,162.35145,36.0,1.16247671856937,1.8788088758399861,1.9259169475029094,9.858934065934067,14.6655,15.122999999999998,91.0,1.0171671669709998,1.0439961807904181,1.0458707907549303,guard,WebSearch,0.0,2,[],202,64b142e084a7180ba106e69f4d215b98cdbbe18c1c27f07a53471941e0e1071c,9710c13f5c6f2b1551bead416df08f1f05dd1107,0.0,42.0,446688.0,88.0,4752.0,4752.0,561.9854814814815,1847.8833000000006,2622.56685,54.0,1.2219923071959238,1.6815562607073786,2.230098178115057,0.0,272.0,1.0,12.0,1.0,0.0,0.0,1.0,1.0,1.0,4337.0,1.0,7.0,17486.0,306356.0,64.0,8.0,1.0,6107.0,100.0,0.0,0.0,0.0,0.0,0.0,0.0,0.0,0.0,0.0,0.0,0.0,0.0,38.0,0.0,4312.0,1184.0,1184.0,1215.0,35408.0,73556.0,38148.0,0.0,0.0,0.0,0.0,6.6,8.855,8.8894,21.0,1.001788453081244,1.0099373514798013,1.0113564299321172,1.2198107329320769,2.0,47740,mix/output/885047221,885047221,165.5441881188119,798.3525999999997,2136.496420000004,202.0,1.0962203770601204,1.4664597475581496,1.9473074603036,True,0.0,0.0,0.0,0.0,0.0,0.0,0.0,0.0,0.0,100.0,289708.0,292.798,0.0,1090.0,400020.0,34.0,34.0,0.0,0.0,100.0,75,100.0,0.0,0.0,0.0,4.0,1108.0,0.0,WebSearch
60.022222222222226,170.88025,175.8816,36.0,1.2304172969460037,2.129509044017694,2.1584930204360724,10.0658021978022,14.962499999999999,17.05699999999998,91.0,1.0348908455684693,1.0798676997268921,1.3315562866109734,homa,WebSearch,0.0,2,[],202,64b142e084a7180ba106e69f4d215b98cdbbe18c1c27f07a53471941e0e1071c,9710c13f5c6f2b1551bead416df08f1f05dd1107,0.0,0.0,0.0,0.0,0.0,0.0,566.2915925925926,1978.6132000000007,2526.59425,54.0,1.248526635483438,1.7897525370861205,2.569571679718337,0.0,0.0,0.0,8.0,1.0,0.0,0.0,0.0,1.0,1.0,0.0,1.0,0.0,0.0,0.0,64.0,8.0,1.0,0.0,0.0,202.0,202.0,306249610.0,306356.0,295637.0,295637.0,2.0,202.0,202.0,0.0,0.0,0.0,0.0,0.0,0.0,0.0,0.0,0.0,0.0,0.0,0.0,0.0,0.0,0.0,0.0,6.630857142857143,8.874,8.9468,21.0,1.0046843964338357,1.0193291642978966,1.0193928019410508,1.2427053111555522,0.0,48149,mix/output/489958617,489958617,167.3058514851485,825.2356999999997,2237.8336800000034,202.0,1.123707427118827,1.6273709921010233,2.167914144778128,True,0.0,0.0,0.0,0.0,0.0,0.0,0.0,0.0,0.0,0.0,286495.0,1091.472,0.0,17792.0,400020.0,0.0,0.0,0.0,0.0,0.0,75,0.0,0.0,0.0,0.0,0.0,0.0,0.0,WebSearch
68.73666666666666,171.57675,198.18795,36.0,1.378449329412679,2.057740480803768,2.186485923542027,11.53364835164835,20.2965,26.328599999999973,91.0,1.1675272398648413,1.570780648476842,2.0411624328065883,hpcc,WebSearch,0.0,3,[],202,64b142e084a7180ba106e69f4d215b98cdbbe18c1c27f07a53471941e0e1071c,9710c13f5c6f2b1551bead416df08f1f05dd1107,0.0,0.0,0.0,0.0,0.0,0.0,660.3692962962964,1992.9462000000008,2988.5859199999995,54.0,1.4952817407777739,2.6177252140765392,3.116844365329657,0.0,0.0,0.0,8.0,1.0,0.0,0.0,0.0,1.0,1.0,0.0,1.0,0.0,0.0,0.0,64.0,8.0,1.0,0.0,0.0,0.0,0.0,0.0,0.0,0.0,0.0,0.0,0.0,0.0,0.0,0.0,0.0,5068.0,0.0,6497.0,6295.0,6295.0,6497.0,0.0,0.0,0.0,0.0,0.0,0.0,0.0,6.824,9.062,11.332400000000002,21.0,1.0328067154214249,1.1756318859364874,1.325993800127598,1.4477846807644366,0.0,47902,mix/output/401845034,401845034,194.68974257425742,981.950499999999,2345.785880000005,202.0,1.2787292560020134,2.0628660139048005,3.0446766333981254,True,0.0,0.0,0.0,0.0,0.0,0.0,0.0,0.0,0.0,0.0,170961.0,248.671,0.0,1090.0,400020.0,0.0,0.0,0.0,0.0,0.0,75,0.0,0.0,0.0,0.0,0.0,0.0,0.0,WebSearch
34.321037414965986,83.56755000000001,113.21826999999982,294.0,1.1444981290181042,1.536020867816574,2.013641678999228,11.264301694915254,15.5561,18.994120000000002,590.0,1.0353032059530325,1.0697182620159524,1.3072485259577133,guard,FbHdp2015,0.0,3,[],3377,4c268ab7e7ab25e91690eca868c7a23e51719acda727a1b47d07a667bd955796,9710c13f5c6f2b1551bead416df08f1f05dd1107,2.0,88.0,617862.0,595.0,6573.0,6573.0,500.56584782608695,1196.6219999999998,1830.8030200000005,92.0,1.625770735662263,2.763626445366781,3.808704898276478,0.0,409.0,1.0,12.0,1.0,0.0,0.0,1.0,1.0,1.0,5328.0,1.0,100.0,24388.0,450526.0,64.0,8.0,1.0,18132.0,499.0,0.0,0.0,0.0,0.0,0.0,0.0,0.0,0.0,0.0,0.0,0.0,0.0,468.0,0.0,4692.0,1508.0,1508.0,1562.0,58412.0,114872.0,56460.0,0.0,0.0,0.0,0.0,6.418225322782174,8.58,8.927,2401.0,1.0028432539941852,1.01747022121384,1.026077224398433,1.621161362144128,3.0,1950199,mix/output/342133278,342133278,23.156215575954988,36.426999999999865,427.746599999992,3377.0,1.037817264425401,1.1418915026492127,1.85635372983446,True,0.0,0.0,0.0,0.0,0.0,0.0,0.0,0.0,0.0,499.0,383680.0,2351.861,0.0,106820.0,400020.0,441.0,441.0,0.0,0.0,499.0,71,499.0,0.0,0.0,0.0,25.0,979.0,0.0,FbHdp
41.598401360544216,102.23940000000006,192.88229999999984,294.0,1.4167116501788235,2.54886059784228,5.94336577334857,11.63218474576271,16.860499999999995,21.82807,590.0,1.0652862519507913,1.2513111899908393,1.5247264679247128,homa,FbHdp2015,0.0,4,[],3377,4c268ab7e7ab25e91690eca868c7a23e51719acda727a1b47d07a667bd955796,9710c13f5c6f2b1551bead416df08f1f05dd1107,0.0,0.0,0.0,0.0,0.0,0.0,516.0921413043478,1250.4574500000003,1893.9937100000009,92.0,1.6609763531137063,3.594634239077677,4.764665924572096,0.0,0.0,0.0,8.0,1.0,0.0,0.0,0.0,1.0,1.0,0.0,1.0,0.0,0.0,0.0,64.0,8.0,1.0,0.0,0.0,3377.0,3377.0,448796819.0,450526.0,387224.0,387224.0,3.0,3377.0,3377.0,0.0,0.0,0.0,0.0,0.0,0.0,0.0,0.0,0.0,0.0,0.0,0.0,0.0,0.0,0.0,0.0,6.462368179925032,8.672,9.109,2401.0,1.007171408222735,1.0244863831820354,1.0789127050652616,1.649149627911581,0.0,399016,mix/output/285213555,285213555,24.30842226828546,46.544999999999874,523.7949199999957,3377.0,1.0707907875134108,1.2797163187321394,2.310689561041074,True,0.0,0.0,0.0,0.0,0.0,0.0,0.0,0.0,0.0,0.0,492015.0,4965.984,7784.0,133440.0,400020.0,0.0,0.0,0.0,0.0,0.0,71,0.0,0.0,0.0,0.0,0.0,0.0,0.0,FbHdp
46.62757142857143,140.50865000000002,176.55627999999996,294.0,1.5314119054429987,2.561746851294009,3.3253534676620355,13.836954237288136,23.556849999999997,30.46085000000002,590.0,1.252697509111768,1.8893806093145495,2.286702476096083,hpcc,FbHdp2015,0.0,4,[],3377,4c268ab7e7ab25e91690eca868c7a23e51719acda727a1b47d07a667bd955796,9710c13f5c6f2b1551bead416df08f1f05dd1107,0.0,0.0,0.0,0.0,0.0,0.0,618.3001304347827,1644.9950000000001,2399.262830000002,92.0,2.0905516722708968,3.7320602059492956,10.69256563091699,0.0,0.0,0.0,8.0,1.0,0.0,0.0,0.0,1.0,1.0,0.0,1.0,0.0,0.0,0.0,64.0,8.0,1.0,0.0,0.0,0.0,0.0,0.0,0.0,0.0,0.0,0.0,0.0,0.0,0.0,0.0,0.0,8136.0,0.0,12813.0,9436.0,9436.0,12813.0,0.0,0.0,0.0,0.0,0.0,0.0,0.0,7.060536026655561,13.254,18.631,2401.0,1.0809508337863436,1.6062089552238805,2.2631074934163276,1.9339933019415265,0.0,422488,mix/output/706699586,706699586,28.341210541901095,53.08699999999993,678.3207199999941,3377.0,1.1776785123915068,1.9509172229920155,2.8415795631944896,True,0.0,0.0,0.0,0.0,0.0,0.0,0.0,0.0,0.0,0.0,437561.0,1500.368,0.0,55590.0,400020.0,0.0,0.0,0.0,0.0,0.0,71,0.0,0.0,0.0,0.0,0.0,0.0,0.0,FbHdp
33.361095588235294,91.20554999999999,126.56984000000045,272.0,1.1261705892906557,1.4566490581346128,1.9963925310680173,11.643337519623234,16.469600000000003,20.484319999999983,637.0,1.0378099012832847,1.1065656436870186,1.4256940543627685,guard,FbHdp2015,0.0,2,[],3222,f2565980059222528290cc3d19ecadeab7149cc65e3c4b59c942073cd713b262,9710c13f5c6f2b1551bead416df08f1f05dd1107,3.0,13.0,439544.0,318.0,4676.0,4676.0,402.942,1055.5427500000003,1662.8415699999996,82.0,1.5628251074772688,2.641061524206503,3.2559557813967865,0.0,76.0,2.0,12.0,1.0,0.0,0.0,1.0,1.0,1.0,3919.0,1.0,62.0,16931.0,355740.0,64.0,8.0,1.0,16788.0,480.0,0.0,0.0,0.0,0.0,0.0,0.0,0.0,0.0,0.0,0.0,0.0,0.0,356.0,0.0,3247.0,1004.0,1004.0,1061.0,47148.0,91261.0,44113.0,0.0,0.0,0.0,0.0,6.377494397131332,8.538,8.8047,2231.0,1.002123534964744,1.0153036826673492,1.0244986103502183,1.5595134261887693,3.0,370526,mix/output/766897109,766897109,19.789093109869647,31.120449999999984,365.88709999999935,3222.0,1.0339207239987556,1.113003992496561,1.590016154695065,True,0.0,0.0,0.0,0.0,0.0,0.0,0.0,0.0,0.0,480.0,337900.0,1842.559,0.0,89380.0,400020.0,333.0,333.0,0.0,0.0,480.0,72,480.0,0.0,0.0,0.0,20.0,658.0,0.0,FbHdp
37.606283088235294,97.52749999999999,162.30708000000044,272.0,1.2586860307752843,2.148369827263835,3.2339182460965916,11.907004709576137,17.340600000000002,21.119079999999997,637.0,1.0588547196944333,1.2639145069090856,1.4618981163734888,homa,FbHdp2015,0.0,3,[],3222,f2565980059222528290cc3d19ecadeab7149cc65e3c4b59c942073cd713b262,9710c13f5c6f2b1551bead416df08f1f05dd1107,0.0,0.0,0.0,0.0,0.0,0.0,413.2440609756097,1050.77285,1419.0345399999985,82.0,1.6955283599919082,2.828812464932199,6.452546886571523,0.0,0.0,0.0,8.0,1.0,0.0,0.0,0.0,1.0,1.0,0.0,1.0,0.0,0.0,0.0,64.0,8.0,1.0,0.0,0.0,3222.0,3222.0,354085780.0,355740.0,290990.0,290990.0,3.0,3222.0,3222.0,0.0,0.0,0.0,0.0,0.0,0.0,0.0,0.0,0.0,0.0,0.0,0.0,0.0,0.0,0.0,0.0,6.417371582250112,8.6155,9.155499999999996,2231.0,1.0058293395623739,1.0219240176942448,1.0840497756445324,1.6857018316145116,0.0,379070,mix/output/27485943,27485943,20.489397889509622,36.98739999999993,386.1962099999993,3222.0,1.0552115576968417,1.2173727264028553,2.082624897042203,True,0.0,0.0,0.0,0.0,0.0,0.0,0.0,0.0,0.0,0.0,498176.0,3478.108,2224.0,132328.0,400020.0,0.0,0.0,0.0,0.0,0.0,72,0.0,0.0,0.0,0.0,0.0,0.0,0.0,FbHdp
42.31787132352941,110.0684,195.64461000000088,272.0,1.4049020899323672,2.676848496551311,3.2252662709469,13.622529042386184,23.597400000000004,29.380359999999996,637.0,1.199009653697248,1.6818569439580913,2.0403334729535962,hpcc,FbHdp2015,0.0,4,[],3222,f2565980059222528290cc3d19ecadeab7149cc65e3c4b59c942073cd713b262,9710c13f5c6f2b1551bead416df08f1f05dd1107,0.0,0.0,0.0,0.0,0.0,0.0,450.3255609756098,1095.9853,1648.6217599999986,82.0,1.8051500948744563,4.13470403430133,4.7016054914701595,0.0,0.0,0.0,8.0,1.0,0.0,0.0,0.0,1.0,1.0,0.0,1.0,0.0,0.0,0.0,64.0,8.0,1.0,0.0,0.0,0.0,0.0,0.0,0.0,0.0,0.0,0.0,0.0,0.0,0.0,0.0,0.0,5488.0,0.0,9592.0,6370.0,6370.0,9592.0,0.0,0.0,0.0,0.0,0.0,0.0,0.0,6.829584491259525,11.4765,18.679099999999984,2231.0,1.056003760765647,1.3740083126541875,2.2309388570838715,1.709416350530463,0.0,390065,mix/output/462025312,462025312,22.45546585971446,41.705149999999904,419.21852999999993,3222.0,1.1327961563980804,1.7778557568702074,2.6952716797315475,True,0.0,0.0,0.0,0.0,0.0,0.0,0.0,0.0,0.0,0.0,258125.0,1101.991,0.0,39801.0,400020.0,0.0,0.0,0.0,0.0,0.0,72,0.0,0.0,0.0,0.0,0.0,0.0,0.0,FbHdp
33.376599206349205,81.29584999999994,108.34789000000005,252.0,1.1285033976259253,1.4922551782681355,1.7389182868643631,11.651969645868466,16.643199999999997,19.13672000000001,593.0,1.0385519994276289,1.0708395407358355,1.3837785148116488,guard,FbHdp2015,0.0,3,[],3203,45f1ad341ab80e60c23a5761e81c2d16a5a0c06fdb816224d8074029865da2bc,9710c13f5c6f2b1551bead416df08f1f05dd1107,2.0,46.0,544260.0,264.0,5790.0,5790.0,520.3343333333333,1797.2637000000002,2157.9318200000002,87.0,1.6900559187914037,3.6076957184651777,4.336085794256114,0.0,287.0,2.0,12.0,1.0,0.0,0.0,1.0,1.0,1.0,4892.0,1.0,85.0,24782.0,406322.0,64.0,8.0,1.0,16174.0,454.0,0.0,0.0,0.0,0.0,0.0,0.0,0.0,0.0,0.0,0.0,0.0,0.0,636.0,0.0,4465.0,1207.0,1207.0,1258.0,48880.0,99525.0,50645.0,0.0,0.0,0.0,0.0,6.439594011448701,8.545,8.825300000000004,2271.0,1.0023098541172726,1.0147759771210676,1.0246437248324138,1.686161132556982,3.0,359890,mix/output/19662730,19662730,23.482337183890106,31.87910000000001,464.07334,3203.0,1.0376287029339668,1.1287942174815326,1.6139536692064809,True,0.0,0.0,0.0,0.0,0.0,0.0,0.0,0.0,0.0,454.0,430550.0,2569.66,0.0,110090.0,400020.0,600.0,600.0,0.0,0.0,454.0,73,454.0,0.0,0.0,0.0,34.0,561.0,0.0,FbHdp
40.712519841269845,100.65734999999995,153.82228000000038,252.0,1.340858475519382,2.4213960165938215,3.932139893636876,11.990268128161889,17.4108,19.882760000000015,593.0,1.0656971752991724,1.2862680665530797,1.4853919305023324,homa,FbHdp2015,0.0,3,[],3203,45f1ad341ab80e60c23a5761e81c2d16a5a0c06fdb816224d8074029865da2bc,9710c13f5c6f2b1551bead416df08f1f05dd1107,0.0,0.0,0.0,0.0,0.0,0.0,523.2743103448275,1637.7715000000012,2528.33936,87.0,1.6839254521869693,3.806352201872272,5.097710339063552,0.0,0.0,0.0,8.0,1.0,0.0,0.0,0.0,1.0,1.0,0.0,1.0,0.0,0.0,0.0,64.0,8.0,1.0,0.0,0.0,3203.0,3203.0,404685805.0,406322.0,345036.0,345036.0,3.0,3203.0,3203.0,0.0,0.0,0.0,0.0,0.0,0.0,0.0,0.0,0.0,0.0,0.0,0.0,0.0,0.0,0.0,0.0,6.4749881109643335,8.625499999999999,9.0746,2271.0,1.0054603030549019,1.021631566407057,1.0753088971891804,1.6747806423293679,0.0,368677,mix/output/131858376,131858376,24.227083047143303,37.86260000000003,467.3609400000001,3203.0,1.0614288552485924,1.2305051015090485,2.2019355351835994,True,0.0,0.0,0.0,0.0,0.0,0.0,0.0,0.0,0.0,0.0,646754.0,5264.091,4448.0,233492.0,400020.0,0.0,0.0,0.0,0.0,0.0,73,0.0,0.0,0.0,0.0,0.0,0.0,0.0,FbHdp
44.09010714285714,108.0496,177.05183000000014,252.0,1.4427851472935544,2.5421440348112756,4.2141171405346345,14.349974704890387,25.983999999999998,33.82428000000007,593.0,1.257061401794262,1.981084316317239,2.4466731815551537,hpcc,FbHdp2015,0.0,4,[],3203,45f1ad341ab80e60c23a5761e81c2d16a5a0c06fdb816224d8074029865da2bc,9710c13f5c6f2b1551bead416df08f1f05dd1107,0.0,0.0,0.0,0.0,0.0,0.0,626.7588735632183,2221.7512000000015,3443.0608600000005,87.0,2.0723684351821743,5.224610266785538,7.736379925022231,0.0,0.0,0.0,8.0,1.0,0.0,0.0,0.0,1.0,1.0,0.0,1.0,0.0,0.0,0.0,64.0,8.0,1.0,0.0,0.0,0.0,0.0,0.0,0.0,0.0,0.0,0.0,0.0,0.0,0.0,0.0,0.0,7637.0,0.0,11784.0,8581.0,8581.0,11784.0,0.0,0.0,0.0,0.0,0.0,0.0,0.0,7.092634962571554,13.103,20.45080000000001,2271.0,1.080571763412923,1.5937088062019844,2.4305397758407357,1.9178443351478287,0.0,385664,mix/output/799775818,799775818,28.1784695597877,45.618300000000026,527.0190400000005,3203.0,1.168683670606797,1.9180198072583117,3.134858401042039,True,0.0,0.0,0.0,0.0,0.0,0.0,0.0,0.0,0.0,0.0,338010.0,1327.7,0.0,45780.0,400020.0,0.0,0.0,0.0,0.0,0.0,73,0.0,0.0,0.0,0.0,0.0,0.0,0.0,FbHdp
34.479682310469315,83.6586,209.70068000000003,277.0,1.167151985437284,1.682144080247051,2.4659729412377205,11.600585443037975,16.273200000000003,18.332400000000003,632.0,1.0390975421308644,1.1178266431940052,1.4267138466878064,guard,FbHdp2015,0.0,3,[],3334,d22397074def1d59f86c107df5ed8a0c43d23decf0053693abf1d03bb6df6b56,9710c13f5c6f2b1551bead416df08f1f05dd1107,3.0,38.0,528280.0,335.0,5620.0,5620.0,487.4877171717172,1146.9026,1873.9401999999998,99.0,1.7998782774781432,3.24728199493099,3.6151415213671183,0.0,316.0,1.0,12.0,1.0,0.0,0.0,1.0,1.0,1.0,4640.0,1.0,109.0,39088.0,418074.0,64.0,8.0,1.0,17835.0,474.0,0.0,0.0,0.0,0.0,0.0,0.0,0.0,0.0,0.0,0.0,0.0,0.0,638.0,0.0,4070.0,1528.0,1528.0,1588.0,59810.0,111768.0,51958.0,0.0,0.0,0.0,0.0,6.431043422184007,8.58575,8.87875,2326.0,1.0028479702481607,1.0165513282541085,1.0252077656614733,1.7947668349298773,3.0,385784,mix/output/509495142,509495142,24.02589472105579,34.19624999999999,540.54985,3334.0,1.0470375149551265,1.1724508724297804,2.0863103565138297,True,0.0,0.0,0.0,0.0,0.0,0.0,0.0,0.0,0.0,474.0,479519.0,3325.183,0.0,113360.0,400020.0,589.0,589.0,0.0,0.0,474.0,74,474.0,0.0,0.0,0.0,46.0,901.0,0.0,FbHdp
46.40459927797834,146.4579999999999,322.42244000000005,277.0,1.5224881351050314,3.5124547014211696,5.222948942441574,11.958886075949367,17.00015,20.417990000000014,632.0,1.0685190631958728,1.319830573061071,1.5040444482770612,homa,FbHdp2015,0.0,3,[],3334,d22397074def1d59f86c107df5ed8a0c43d23decf0053693abf1d03bb6df6b56,9710c13f5c6f2b1551bead416df08f1f05dd1107,0.0,0.0,0.0,0.0,0.0,0.0,505.086101010101,1249.4752999999994,1981.7745799999996,99.0,1.8447111549633768,3.4608339500377063,4.435452693491701,0.0,0.0,0.0,8.0,1.0,0.0,0.0,0.0,1.0,1.0,0.0,1.0,0.0,0.0,0.0,64.0,8.0,1.0,0.0,0.0,3334.0,3334.0,416388908.0,418074.0,351980.0,351980.0,3.0,3334.0,3334.0,0.0,0.0,0.0,0.0,0.0,0.0,0.0,0.0,0.0,0.0,0.0,0.0,0.0,0.0,0.0,0.0,6.464752364574376,8.6645,9.12725,2326.0,1.0060518331623713,1.0226611086641837,1.0825144084775744,1.8336144263708631,0.0,393918,mix/output/940183253,940183253,25.63066226754649,46.57845,521.1540300000004,3334.0,1.0857037281466513,1.3555197019134433,2.9513152824443067,True,0.0,0.0,0.0,0.0,0.0,0.0,0.0,0.0,0.0,0.0,626114.0,6545.638,8896.0,233252.0,400020.0,0.0,0.0,0.0,0.0,0.0,74,0.0,0.0,0.0,0.0,0.0,0.0,0.0,FbHdp
49.74813357400722,136.52299999999994,323.23668000000094,277.0,1.6091348835537778,2.6737257337117666,4.702679607114199,14.986131329113926,27.47975,39.33684000000005,632.0,1.310048893168401,2.071854434256382,2.8067790411286855,hpcc,FbHdp2015,0.0,4,[],3334,d22397074def1d59f86c107df5ed8a0c43d23decf0053693abf1d03bb6df6b56,9710c13f5c6f2b1551bead416df08f1f05dd1107,0.0,0.0,0.0,0.0,0.0,0.0,619.3566666666667,1610.8190999999997,2711.0558599999986,99.0,2.246900538803798,4.829655155819378,6.308860028179432,0.0,0.0,0.0,8.0,1.0,0.0,0.0,0.0,1.0,1.0,0.0,1.0,0.0,0.0,0.0,64.0,8.0,1.0,0.0,0.0,0.0,0.0,0.0,0.0,0.0,0.0,0.0,0.0,0.0,0.0,0.0,0.0,7371.0,0.0,12312.0,8978.0,8978.0,12312.0,0.0,0.0,0.0,0.0,0.0,0.0,0.0,7.2431169389509895,14.39,24.607,2326.0,1.1000858984510378,1.7463201758014177,2.940178188724159,2.042477357420469,0.0,415345,mix/output/992660491,992660491,30.418496700659865,52.743849999999995,663.0914500000013,3334.0,1.2162340181060334,2.1323902139323963,3.397146172079783,True,0.0,0.0,0.0,0.0,0.0,0.0,0.0,0.0,0.0,0.0,481679.0,2035.134,0.0,75210.0,400020.0,0.0,0.0,0.0,0.0,0.0,74,0.0,0.0,0.0,0.0,0.0,0.0,0.0,FbHdp
35.28817607973422,83.736,119.681,301.0,1.1450518831209802,1.4696727853152434,1.9450171821305842,11.443610859728507,16.0246,19.51368,663.0,1.0401302000037917,1.148811081886993,1.3704875006974584,guard,FbHdp2015,0.0,3,[],3341,9608518985ec06627381debb2e252a36ac194dba0e2a16872088f8d1032dd1de,9710c13f5c6f2b1551bead416df08f1f05dd1107,2.0,33.0,513052.0,318.0,5458.0,5458.0,465.105582278481,1117.0588999999989,2391.654279999999,79.0,1.502257422052315,2.458833940762015,3.645574474936534,0.0,180.0,1.0,12.0,1.0,0.0,0.0,1.0,1.0,1.0,4592.0,1.0,76.0,16667.0,399082.0,64.0,8.0,1.0,17368.0,505.0,0.0,0.0,0.0,0.0,0.0,0.0,0.0,0.0,0.0,0.0,0.0,0.0,456.0,0.0,3839.0,1214.0,1214.0,1260.0,50022.0,99582.0,49560.0,0.0,0.0,0.0,0.0,6.369556135770235,8.527149999999999,8.765450000000005,2298.0,1.002022690235872,1.0134459229391646,1.0216183258706315,1.4992249543757237,3.0,389951,mix/output/61046623,61046623,20.82892427416941,35.228,399.3985999999996,3341.0,1.0342991373618964,1.1473906801605598,1.630598328539894,True,0.0,0.0,0.0,0.0,0.0,0.0,0.0,0.0,0.0,505.0,445810.0,2160.782,0.0,103550.0,400020.0,419.0,419.0,0.0,0.0,505.0,75,505.0,0.0,0.0,0.0,35.0,762.0,0.0,FbHdp
38.68865448504983,94.758,144.587,301.0,1.2744475993216295,1.9511878544146906,3.8438546316964284,11.797506787330317,17.384399999999996,21.35222,663.0,1.0686613570413215,1.3284145654274622,1.4916517655706567,homa,FbHdp2015,0.0,3,[],3341,9608518985ec06627381debb2e252a36ac194dba0e2a16872088f8d1032dd1de,9710c13f5c6f2b1551bead416df08f1f05dd1107,0.0,0.0,0.0,0.0,0.0,0.0,479.2145316455696,1168.115299999999,2753.28548,79.0,1.5606594012731296,2.9754295244121205,3.6565779117575636,0.0,0.0,0.0,8.0,1.0,0.0,0.0,0.0,1.0,1.0,0.0,1.0,0.0,0.0,0.0,64.0,8.0,1.0,0.0,0.0,3341.0,3341.0,397378284.0,399082.0,332336.0,332336.0,3.0,3341.0,3341.0,0.0,0.0,0.0,0.0,0.0,0.0,0.0,0.0,0.0,0.0,0.0,0.0,0.0,0.0,0.0,0.0,6.397042645778939,8.57615,9.000330000000002,2298.0,1.0043564250213788,1.0198685564567076,1.053485378108386,1.553889996014024,0.0,398575,mix/output/720400575,720400575,21.55803172702784,37.837,410.26179999999977,3341.0,1.0546047185016199,1.2314607767078902,1.9332838954820284,True,0.0,0.0,0.0,0.0,0.0,0.0,0.0,0.0,0.0,0.0,507793.0,3864.041,3336.0,131216.0,400020.0,0.0,0.0,0.0,0.0,0.0,75,0.0,0.0,0.0,0.0,0.0,0.0,0.0,FbHdp
43.22059468438538,99.292,208.111,301.0,1.4224899433331013,2.2454745310819026,2.953678929765886,14.094013574660634,26.285999999999994,34.985099999999996,663.0,1.2587031103222253,2.0682439811778095,2.5343796368213125,hpcc,FbHdp2015,0.0,4,[],3341,9608518985ec06627381debb2e252a36ac194dba0e2a16872088f8d1032dd1de,9710c13f5c6f2b1551bead416df08f1f05dd1107,0.0,0.0,0.0,0.0,0.0,0.0,540.6090379746836,1366.8653999999995,3147.427579999999,79.0,1.7524142441559318,2.9779633310773383,4.348792985084568,0.0,0.0,0.0,8.0,1.0,0.0,0.0,0.0,1.0,1.0,0.0,1.0,0.0,0.0,0.0,64.0,8.0,1.0,0.0,0.0,0.0,0.0,0.0,0.0,0.0,0.0,0.0,0.0,0.0,0.0,0.0,0.0,6413.0,0.0,10834.0,7493.0,7493.0,10834.0,0.0,0.0,0.0,0.0,0.0,0.0,0.0,6.8691636205396,11.774650000000003,19.483080000000008,2298.0,1.0627275962759517,1.419535921296316,2.3667728484209443,1.6489778286522387,0.0,422678,mix/output/31249520,31249520,24.198498054474708,44.792,469.50139999999976,3341.0,1.1503377361919647,1.9038563127311146,2.5489823596814722,True,0.0,0.0,0.0,0.0,0.0,0.0,0.0,0.0,0.0,0.0,328747.0,1286.23,0.0,47265.0,400020.0,0.0,0.0,0.0,0.0,0.0,75,0.0,0.0,0.0,0.0,0.0,0.0,0.0,FbHdp
