arm,elapsed_seconds,flow_count,flow_sha256,git_sha,output_bytes,output_dir,output_id,passed,seed
eta000_rho100_q64,2,6128,9d7bb1864114ae8cac16fd80778288046107ef3556f4de0c7e72cc23c63ea04f,93cfac0658adf49c0abe5123d79f4a5d86e30c76,651541,mix/output/234455590,234455590,True,26
eta000_rho075_q64,2,6128,9d7bb1864114ae8cac16fd80778288046107ef3556f4de0c7e72cc23c63ea04f,93cfac0658adf49c0abe5123d79f4a5d86e30c76,649605,mix/output/118760174,118760174,True,26
eta000_rho050_q64,2,6128,9d7bb1864114ae8cac16fd80778288046107ef3556f4de0c7e72cc23c63ea04f,93cfac0658adf49c0abe5123d79f4a5d86e30c76,648505,mix/output/890919244,890919244,True,26
eta010_rho100_q64,2,6128,9d7bb1864114ae8cac16fd80778288046107ef3556f4de0c7e72cc23c63ea04f,93cfac0658adf49c0abe5123d79f4a5d86e30c76,651970,mix/output/237968793,237968793,True,26
eta010_rho075_q64,2,6128,9d7bb1864114ae8cac16fd80778288046107ef3556f4de0c7e72cc23c63ea04f,93cfac0658adf49c0abe5123d79f4a5d86e30c76,651234,mix/output/311527826,311527826,True,26
eta010_rho050_q64,2,6128,9d7bb1864114ae8cac16fd80778288046107ef3556f4de0c7e72cc23c63ea04f,93cfac0658adf49c0abe5123d79f4a5d86e30c76,650299,mix/output/558129035,558129035,True,26
eta020_rho100_q64,2,6128,9d7bb1864114ae8cac16fd80778288046107ef3556f4de0c7e72cc23c63ea04f,93cfac0658adf49c0abe5123d79f4a5d86e30c76,650789,mix/output/230800732,230800732,True,26
eta020_rho075_q64,2,6128,9d7bb1864114ae8cac16fd80778288046107ef3556f4de0c7e72cc23c63ea04f,93cfac0658adf49c0abe5123d79f4a5d86e30c76,652112,mix/output/988852220,988852220,True,26
eta020_rho050_q64,2,6128,9d7bb1864114ae8cac16fd80778288046107ef3556f4de0c7e72cc23c63ea04f,93cfac0658adf49c0abe5123d79f4a5d86e30c76,650481,mix/output/45730874,45730874,True,26
eta000_rho100_q64,2,6202,b6f11f95583a3979be1c0787192a4677e17a32fb0830390bcda9019d75553825,93cfac0658adf49c0abe5123d79f4a5d86e30c76,654822,mix/output/457344925,457344925,True,27
eta000_rho075_q64,2,6202,b6f11f95583a3979be1c0787192a4677e17a32fb0830390bcda9019d75553825,93cfac0658adf49c0abe5123d79f4a5d86e30c76,655124,mix/output/138264100,138264100,True,27
eta000_rho050_q64,2,6202,b6f11f95583a3979be1c0787192a4677e17a32fb0830390bcda9019d75553825,93cfac0658adf49c0abe5123d79f4a5d86e30c76,655782,mix/output/83316607,83316607,True,27
eta010_rho100_q64,2,6202,b6f11f95583a3979be1c0787192a4677e17a32fb0830390bcda9019d75553825,93cfac0658adf49c0abe5123d79f4a5d86e30c76,655037,mix/output/263864418,263864418,True,27
eta010_rho075_q64,2,6202,b6f11f95583a3979be1c0787192a4677e17a32fb0830390bcda9019d75553825,93cfac0658adf49c0abe5123d79f4a5d86e30c76,656254,mix/output/111719810,111719810,True,27
eta010_rho050_q64,2,6202,b6f11f95583a3979be1c0787192a4677e17a32fb0830390bcda9019d75553825,93cfac0658adf49c0abe5123d79f4a5d86e30c76,654552,mix/output/764672619,764672619,True,27
eta020_rho100_q64,2,6202,b6f11f95583a3979be1c0787192a4677e17a32fb0830390bcda9019d75553825,93cfac0658adf49c0abe5123d79f4a5d86e30c76,654792,mix/output/735846328,735846328,True,27
eta020_rho075_q64,2,6202,b6f11f95583a3979be1c0787192a4677e17a32fb0830390bcda9019d75553825,93cfac0658adf49c0abe5123d79f4a5d86e30c76,654730,mix/output/607273824,607273824,True,27
eta020_rho050_q64,2,6202,b6f11f95583a3979be1c0787192a4677e17a32fb0830390bcda9019d75553825,93cfac0658adf49c0abe5123d79f4a5d86e30c76,655528,mix/output/681462078,681462078,True,27
eta000_rho100_q64,2,6103,f551c4ddb7329ed6fd6abe381a7ae91a522e2235d62510ce7c4044f21b83bc2b,93cfac0658adf49c0abe5123d79f4a5d86e30c76,647680,mix/output/692909741,692909741,True,28
eta000_rho075_q64,2,6103,f551c4ddb7329ed6fd6abe381a7ae91a522e2235d62510ce7c4044f21b83bc2b,93cfac0658adf49c0abe5123d79f4a5d86e30c76,646810,mix/output/785154612,785154612,True,28
eta000_rho050_q64,2,6103,f551c4ddb7329ed6fd6abe381a7ae91a522e2235d62510ce7c4044f21b83bc2b,93cfac0658adf49c0abe5123d79f4a5d86e30c76,647595,mix/output/490945221,490945221,True,28
eta010_rho100_q64,2,6103,f551c4ddb7329ed6fd6abe381a7ae91a522e2235d62510ce7c4044f21b83bc2b,93cfac0658adf49c0abe5123d79f4a5d86e30c76,647910,mix/output/754395573,754395573,True,28
eta010_rho075_q64,2,6103,f551c4ddb7329ed6fd6abe381a7ae91a522e2235d62510ce7c4044f21b83bc2b,93cfac0658adf49c0abe5123d79f4a5d86e30c76,649042,mix/output/433385839,433385839,True,28
eta010_rho050_q64,2,6103,f551c4ddb7329ed6fd6abe381a7ae91a522e2235d62510ce7c4044f21b83bc2b,93cfac0658adf49c0abe5123d79f4a5d86e30c76,646994,mix/output/159348465,159348465,True,28
eta020_rho100_q64,2,6103,f551c4ddb7329ed6fd6abe381a7ae91a522e2235d62510ce7c4044f21b83bc2b,93cfac0658adf49c0abe5123d79f4a5d86e30c76,647742,mix/output/6092267,6092267,True,28
eta020_rho075_q64,2,6103,f551c4ddb7329ed6fd6abe381a7ae91a522e2235d62510ce7c4044f21b83bc2b,93cfac0658adf49c0abe5123d79f4a5d86e30c76,647115,mix/output/577855383,577855383,True,28
eta020_rho050_q64,2,6103,f551c4ddb7329ed6fd6abe381a7ae91a522e2235d62510ce7c4044f21b83bc2b,93cfac0658adf49c0abe5123d79f4a5d86e30c76,646771,mix/output/229987595,229987595,True,28
eta000_rho100_q64,2,6145,754e10d724fd2214a801d87e02c3bc79a4221e9041a30827ce4dff2e9c6a735f,93cfac0658adf49c0abe5123d79f4a5d86e30c76,651245,mix/output/226023811,226023811,True,29
eta000_rho075_q64,2,6145,754e10d724fd2214a801d87e02c3bc79a4221e9041a30827ce4dff2e9c6a735f,93cfac0658adf49c0abe5123d79f4a5d86e30c76,652857,mix/output/312697147,312697147,True,29
eta000_rho050_q64,2,6145,754e10d724fd2214a801d87e02c3bc79a4221e9041a30827ce4dff2e9c6a735f,93cfac0658adf49c0abe5123d79f4a5d86e30c76,650528,mix/output/493987756,493987756,True,29
eta010_rho100_q64,2,6145,754e10d724fd2214a801d87e02c3bc79a4221e9041a30827ce4dff2e9c6a735f,93cfac0658adf49c0abe5123d79f4a5d86e30c76,650227,mix/output/357910582,357910582,True,29
eta010_rho075_q64,2,6145,754e10d724fd2214a801d87e02c3bc79a4221e9041a30827ce4dff2e9c6a735f,93cfac0658adf49c0abe5123d79f4a5d86e30c76,649716,mix/output/468263723,468263723,True,29
eta010_rho050_q64,2,6145,754e10d724fd2214a801d87e02c3bc79a4221e9041a30827ce4dff2e9c6a735f,93cfac0658adf49c0abe5123d79f4a5d86e30c76,652863,mix/output/809222456,809222456,True,29
eta020_rho100_q64,2,6145,754e10d724fd2214a801d87e02c3bc79a4221e9041a30827ce4dff2e9c6a735f,93cfac0658adf49c0abe5123d79f4a5d86e30c76,650686,mix/output/563785919,563785919,True,29
eta020_rho075_q64,2,6145,754e10d724fd2214a801d87e02c3bc79a4221e9041a30827ce4dff2e9c6a735f,93cfac0658adf49c0abe5123d79f4a5d86e30c76,651048,mix/output/687671489,687671489,True,29
eta020_rho050_q64,2,6145,754e10d724fd2214a801d87e02c3bc79a4221e9041a30827ce4dff2e9c6a735f,93cfac0658adf49c0abe5123d79f4a5d86e30c76,650704,mix/output/22969393,22969393,True,29
eta000_rho100_q64,2,6091,7ef725ab9458beea13a3c4a99fbc7f27630bca86e51152517ccb964d87b9a5b1,93cfac0658adf49c0abe5123d79f4a5d86e30c76,656346,mix/output/925167948,925167948,True,30
eta000_rho075_q64,2,6091,7ef725ab9458beea13a3c4a99fbc7f27630bca86e51152517ccb964d87b9a5b1,93cfac0658adf49c0abe5123d79f4a5d86e30c76,658099,mix/output/159399216,159399216,True,30
eta000_rho050_q64,2,6091,7ef725ab9458beea13a3c4a99fbc7f27630bca86e51152517ccb964d87b9a5b1,93cfac0658adf49c0abe5123d79f4a5d86e30c76,657630,mix/output/224672816,224672816,True,30
eta010_rho100_q64,2,6091,7ef725ab9458beea13a3c4a99fbc7f27630bca86e51152517ccb964d87b9a5b1,93cfac0658adf49c0abe5123d79f4a5d86e30c76,656577,mix/output/656003396,656003396,True,30
eta010_rho075_q64,2,6091,7ef725ab9458beea13a3c4a99fbc7f27630bca86e51152517ccb964d87b9a5b1,93cfac0658adf49c0abe5123d79f4a5d86e30c76,659109,mix/output/827885138,827885138,True,30
eta010_rho050_q64,2,6091,7ef725ab9458beea13a3c4a99fbc7f27630bca86e51152517ccb964d87b9a5b1,93cfac0658adf49c0abe5123d79f4a5d86e30c76,658693,mix/output/165257952,165257952,True,30
eta020_rho100_q64,2,6091,7ef725ab9458beea13a3c4a99fbc7f27630bca86e51152517ccb964d87b9a5b1,93cfac0658adf49c0abe5123d79f4a5d86e30c76,656754,mix/output/834205433,834205433,True,30
eta020_rho075_q64,2,6091,7ef725ab9458beea13a3c4a99fbc7f27630bca86e51152517ccb964d87b9a5b1,93cfac0658adf49c0abe5123d79f4a5d86e30c76,656023,mix/output/956293277,956293277,True,30
eta020_rho050_q64,2,6091,7ef725ab9458beea13a3c4a99fbc7f27630bca86e51152517ccb964d87b9a5b1,93cfac0658adf49c0abe5123d79f4a5d86e30c76,656194,mix/output/144138051,144138051,True,30
